context_id	candidate_id	selection_hash	evaluation_rank	decision	rejection_reason	chromosome	nominal_start_0based	nominal_end_0based	nominal_length_bp	source_anchor_start_0based	source_anchor_end_0based	source_anchor_midpoint_0based	source_context_bed_sha256	assessable_bp
NON_DIFFICULT	phase2-window:sha256:e4b1f8473b1f8579a1535d071128e407cd1b2b4886ec468338a97009b9c3ce72	00000052b6380ca7c6a99641f29de1362f91e92fd627c7dcaff35ecac4b9807f	1	SELECTED		chr9	99981992	100006992	25000	99994335	99994650	99994492	9bbc18faf541223e279fc739075e521e173f548bf4e0c14280a6a160bf3b74ea	24488
NON_DIFFICULT	phase2-window:sha256:f66268ad23b6260136516c67f67a06a01fd0ab05cbf871c79fcb3e43b5b3605c	000004b08be9e5ac43caa53606027a17926e987ffa6e8908dca57965a8b3360c	2	SELECTED		chr5	10313655	10338655	25000	10326090	10326221	10326155	9bbc18faf541223e279fc739075e521e173f548bf4e0c14280a6a160bf3b74ea	24071
NON_DIFFICULT	phase2-window:sha256:f7cbf3e8f00407df3412dab9a5f334386262f4d643f6724e96260ec24f820f96	000006643b2da170cb1dd89efced638af9a98a09ef477addbe180cdd345d6783	3	SELECTED		chr8	3980687	4005687	25000	3992209	3994166	3993187	9bbc18faf541223e279fc739075e521e173f548bf4e0c14280a6a160bf3b74ea	23455
NON_DIFFICULT	phase2-window:sha256:3736e7e55ca7fa7f7dcf05fa94f62888553f73514fb21a198d7d4c2e91de17dd	000006a5344e006d187a4aebcae2a954297601e194225bdcb454249bbbbf96b4	4	SELECTED		chr15	86370491	86395491	25000	86382741	86383242	86382991	9bbc18faf541223e279fc739075e521e173f548bf4e0c14280a6a160bf3b74ea	23895
NON_DIFFICULT	phase2-window:sha256:9dd0b602575e35207b260047eeecff8dd7bdf183f9d550f5aa7550b29abf126e	0000086268be996ecf7db833764ca1c520227c8c811287c09ba4c80c02664d8d	5	SELECTED		chr2	185619753	185644753	25000	185632243	185632263	185632253	9bbc18faf541223e279fc739075e521e173f548bf4e0c14280a6a160bf3b74ea	24029
NON_DIFFICULT	phase2-window:sha256:9e6b1889fc1242ca91f9d3d7b6af9f7f569d025043ee135c3c0c4721feba9df9	00000c9d2511cb742728a8468cb44727cc8bf962e30660427d073eaa3fcb1810	6	SELECTED		chr14	63549310	63574310	25000	63561430	63562191	63561810	9bbc18faf541223e279fc739075e521e173f548bf4e0c14280a6a160bf3b74ea	23085
NON_DIFFICULT	phase2-window:sha256:762fd09292d7c698ff3aedf406a4ad77c963a918c6c72e78bfd54320d12e0777	000011e94282e361e354182c8f0763ace720359abb2d9a42d37f5dca151b990b	7	SELECTED		chr7	98345948	98370948	25000	98358378	98358519	98358448	9bbc18faf541223e279fc739075e521e173f548bf4e0c14280a6a160bf3b74ea	22855
NON_DIFFICULT	phase2-window:sha256:42d4a55abb970a300458a6444c16e4e5c7f2e4c64e6c16678b9fe05f9a3d80ed	000012cd41e5f345cd36a836373c9b2df759e02524b0a07349faea0b8d36abe2	8	SELECTED		chr10	68578728	68603728	25000	68591180	68591277	68591228	9bbc18faf541223e279fc739075e521e173f548bf4e0c14280a6a160bf3b74ea	23067
NON_DIFFICULT	phase2-window:sha256:f6cfe19b27d2473c1a5719809122322e82c437e9d9fafe9e4c6cff9fc1c97f52	000013526234d545e90340b71a3a75725d2b88bc4183eea71a6cfe7238b68d06	9	SELECTED		chr18	4609732	4634732	25000	4621976	4622488	4622232	9bbc18faf541223e279fc739075e521e173f548bf4e0c14280a6a160bf3b74ea	24089
NON_DIFFICULT	phase2-window:sha256:f1e934c405ff2fdd00121eec929f3c53aa0251bb8955fd77bbc77d5d98b5ef15	000016303070bb9803acc025db10e5cc9e70b155ec03c25ba41672faa906f3ac	10	SELECTED		chr15	91710240	91735240	25000	91722600	91722880	91722740	9bbc18faf541223e279fc739075e521e173f548bf4e0c14280a6a160bf3b74ea	24564
HOMOPOLYMER	phase2-window:sha256:af6fba827c2734dd51a588a411001721309edc5b94be470c1427de800c1a5c67	0000014033b72191f6e6234f965e6abfc85823c1f1e54899bc8c032ebb9b9eb1	1	SELECTED		chr19	51650606	51675606	25000	51663097	51663115	51663106	1ec3cbd1a123ff7ba8ad5ccefe9d20a5d914c003eda08010151bda55d015134d	20719
HOMOPOLYMER	phase2-window:sha256:49d863a45e0cc309c275e3f5a6c590e605b49a05518d9c3efcd8ad18d981363d	000001c0839143075268bb62349d4b05644d55b6516602c021d407ec3d76e7a8	2	SELECTED		chr4	189276101	189301101	25000	189288593	189288610	189288601	1ec3cbd1a123ff7ba8ad5ccefe9d20a5d914c003eda08010151bda55d015134d	18371
HOMOPOLYMER	phase2-window:sha256:addd7c07382b095470320280dad554750f3ad33f986e7d24baf136c882f5a4d1	0000082bf8fab8af4a5b099c05e77226ff7b1c0f4573e1d71c7c419d7406b8ec	3	SELECTED		chr3	180307048	180332048	25000	180319540	180319557	180319548	1ec3cbd1a123ff7ba8ad5ccefe9d20a5d914c003eda08010151bda55d015134d	24589
HOMOPOLYMER	phase2-window:sha256:a35b43bfc41ded0243efcf1ed2f7c71b7ef9d628452ffb638959429ab97f5ae2	00000ad003c75ae9cabb6a7a36e05a807ad09fd81795e75302d3c18b70baf1f0	4	SELECTED		chr14	41104384	41129384	25000	41116875	41116894	41116884	1ec3cbd1a123ff7ba8ad5ccefe9d20a5d914c003eda08010151bda55d015134d	24023
HOMOPOLYMER	phase2-window:sha256:65406427793eb8abd9888ce244a06d4e6a652da9d1a21a0ec1db4788615dc5fe	00000b5ba9d922cbef2abd06698ec46da62f4f995eba5ed4f66c61976157a193	5	SELECTED		chr15	79928165	79953165	25000	79940657	79940674	79940665	1ec3cbd1a123ff7ba8ad5ccefe9d20a5d914c003eda08010151bda55d015134d	23413
HOMOPOLYMER	phase2-window:sha256:83efc395758427a2af499ca31ef5aa8b2df083bea6f580df369ea70d074b2482	00000cc7565124651badfd1ac57ecda35d0f689221d9e2fdcc336f4f81ba5ad5	6	SELECTED		chr2	229091586	229116586	25000	229104078	229104095	229104086	1ec3cbd1a123ff7ba8ad5ccefe9d20a5d914c003eda08010151bda55d015134d	24000
HOMOPOLYMER	phase2-window:sha256:a4402958b198f87aeae8f17d12a57b491873c54460dbdbb85c2b947050d1dcfb	000012fe79a31b9e14eea7baf5c53897900eac05d7c1a601d01c9d39fc052eba	7	SELECTED		chr10	83123826	83148826	25000	83136318	83136335	83136326	1ec3cbd1a123ff7ba8ad5ccefe9d20a5d914c003eda08010151bda55d015134d	24692
HOMOPOLYMER	phase2-window:sha256:dd35bdcdf71ead7c0b8cae8f120d5dab1b648223ba0245167dbb6619a0b2fdbb	000016343b07acd2e9d69b4d39f8c6e5f6c3c40b716a1eabc8b173a3cba02cb9	8	SELECTED		chr18	30975313	31000313	25000	30987804	30987822	30987813	1ec3cbd1a123ff7ba8ad5ccefe9d20a5d914c003eda08010151bda55d015134d	24444
HOMOPOLYMER	phase2-window:sha256:33e0beb02b8e8505015e84ff1cd21e5df072c8b79df6202c34d321fcc999d113	000016bc8539a9714eddaa639482cd162889d1c64c9da241fb74e19fee91c0e9	9	SELECTED		chr4	180035212	180060212	25000	180047701	180047723	180047712	1ec3cbd1a123ff7ba8ad5ccefe9d20a5d914c003eda08010151bda55d015134d	24660
HOMOPOLYMER	phase2-window:sha256:6361e47d57096900d0f31a4d31201fa4a48f5ee7ef2032cc317ab97e7add6f39	00001f38bab2c280c23ff31802fae3431f2a3080a7cfcf824f92a05de1d0e1f7	10	SELECTED		chr8	64896165	64921165	25000	64908656	64908674	64908665	1ec3cbd1a123ff7ba8ad5ccefe9d20a5d914c003eda08010151bda55d015134d	24881
TANDEM_REPEAT	phase2-window:sha256:8c257fd974b2f53aae43b842f89c8647c25debb836a181e311f1f83459477a6d	00000e567d7989d0d4757ee7bfd6f3c495f68ff157874594a9c3d28007bc19d4	1	SELECTED		chr6	167324490	167349490	25000	167336965	167337015	167336990	ff58710eb3aab81c172f83ac263ab698068b0a4f0d8357d7347ff9a7b8774179	24564
TANDEM_REPEAT	phase2-window:sha256:fab4c08307b7b93cf51e720af259de3a45aa3ae017a456c758a3ad660080a196	0000129329ef3be075e366782e0bd2ea25305ce823e658e1ee12a1a721c5cd4f	2	SELECTED		chr15	67502823	67527823	25000	67515312	67515334	67515323	ff58710eb3aab81c172f83ac263ab698068b0a4f0d8357d7347ff9a7b8774179	24794
TANDEM_REPEAT	phase2-window:sha256:afd7df92acb8f477f86254e222597e0d1513384bec1204f91e5d49a83ac8ad32	000014de95c80a8d356f57645620be31616afc01a4d69cb10f51d60490a3ee95	3	SELECTED		chr17	81948378	81973378	25000	81960861	81960895	81960878	ff58710eb3aab81c172f83ac263ab698068b0a4f0d8357d7347ff9a7b8774179	21704
TANDEM_REPEAT	phase2-window:sha256:ca0f7ff023f28845be7ac7b0505ece7982a4ebec338ce065604943cedf6a53e9	00001c67b14b44cb9e179ed39f66e32c7c23eb4e197c803467c1c0716ebd5c10	4	SELECTED		chr2	134949083	134974083	25000	134961573	134961593	134961583	ff58710eb3aab81c172f83ac263ab698068b0a4f0d8357d7347ff9a7b8774179	23985
TANDEM_REPEAT	phase2-window:sha256:2862835e92ff0b9b0e9f527d29f763d74810e9b80f27c961ef7a27e582de7a9f	00003f7ced3ed6e8b4335a0eda41aa0d55c26d67644715e0973383b36925b92e	5	SELECTED		chr4	48329661	48354661	25000	48342139	48342184	48342161	ff58710eb3aab81c172f83ac263ab698068b0a4f0d8357d7347ff9a7b8774179	24563
TANDEM_REPEAT	phase2-window:sha256:c6d5bfeecb346aa1b446b42f62e8b728bfc5c734592c3622a315583801947f37	000060e0b76ce4fbfd779adf3a29031e826162bdeb0cb7420bb6fc948e9b90eb	6	SELECTED		chr6	77317397	77342397	25000	77329815	77329979	77329897	ff58710eb3aab81c172f83ac263ab698068b0a4f0d8357d7347ff9a7b8774179	24764
TANDEM_REPEAT	phase2-window:sha256:74d262a592182c996150a995a44d6eb647780fc088a0ab6ccb09416073d74a51	00006b4b679ee7e201bf410d3d116d3277256ae63f73caeb6e5a1e1ce18b2506	7	SELECTED		chr1	36997097	37022097	25000	37009572	37009623	37009597	ff58710eb3aab81c172f83ac263ab698068b0a4f0d8357d7347ff9a7b8774179	24092
TANDEM_REPEAT	phase2-window:sha256:f92482d6c8d69ec195032eb28ef9762bac695b3e1d55a2d2e786f91d1257546f	000089d146bb6c44fcea376ca27eaa94c8dda9fdddad7ec4886b0c5dfa4989a6	8	SELECTED		chr16	74972538	74997538	25000	74985003	74985073	74985038	ff58710eb3aab81c172f83ac263ab698068b0a4f0d8357d7347ff9a7b8774179	23221
TANDEM_REPEAT	phase2-window:sha256:05aaa8ee8c5b07e5c03ac47ac8bf08b7710c435d3609e53ea2a2ebcdab999f96	0000a3cb552d4f386f7bf5165fee94ba8976a84a2cc9fc2b758c0c7eba37dee7	9	SELECTED		chr7	15657664	15682664	25000	15670142	15670187	15670164	ff58710eb3aab81c172f83ac263ab698068b0a4f0d8357d7347ff9a7b8774179	24369
TANDEM_REPEAT	phase2-window:sha256:91973f2a5d4e78093126173edb872f29437cc7b05aa1bc7367b5fefdddc61ddb	0000adaaa306755f08e94ad3320f2fcfe34e00f9b0e563e061964d9749f4e96d	10	SELECTED		chr5	137544322	137569322	25000	137556709	137556935	137556822	ff58710eb3aab81c172f83ac263ab698068b0a4f0d8357d7347ff9a7b8774179	24096
LOW_MAPPABILITY	phase2-window:sha256:b0a431a07ee0cbcf2082a9bdd49d2ba968e26756447557bd8c0331e6015f5bd6	00000a2f9626b4a3bfc74865a58c1e70d39660e2e8647598afe2844ba3044a1c	1	SELECTED		chr19	29414482	29439482	25000	29426980	29426985	29426982	38707879ab51dcee3dd3331c082e2d9552a9f9d487d4de84f9ebae5b5c556d56	23225
LOW_MAPPABILITY	phase2-window:sha256:21ff439582a90683ca90415fd64844e3826368163c1ab4a30217ad5a3b53eb5e	00002320392decdb9140eab70f6f27eec67e4b84069a13a4a078ca30b131249f	2	SELECTED		chr12	128999528	129024528	25000	129012019	129012037	129012028	38707879ab51dcee3dd3331c082e2d9552a9f9d487d4de84f9ebae5b5c556d56	21284
LOW_MAPPABILITY	phase2-window:sha256:985fdbf0e7f0cb5e3f61e1ceb9f23c8278875081f497a4ea385e49bf1544bd99	000029865ecabef28139e1ca693f435223097e3c3f85af1dcb55c473150fbac2	3	SELECTED		chr14	81652874	81677874	25000	81665370	81665379	81665374	38707879ab51dcee3dd3331c082e2d9552a9f9d487d4de84f9ebae5b5c556d56	24499
LOW_MAPPABILITY	phase2-window:sha256:f99ff7303731c0a25158c0048b2f55db7ebac0c9212c65183c582a42ea9323a1	00005bb36b2ba5b948d324dda39c9e6ce261de37654a16232758c762bcc2bcf9	4	SELECTED		chr2	65110691	65135691	25000	65123167	65123215	65123191	38707879ab51dcee3dd3331c082e2d9552a9f9d487d4de84f9ebae5b5c556d56	23476
LOW_MAPPABILITY	phase2-window:sha256:d10dabf87da85069cd13184d2e6e8d29f503442d7fb5d13cd07d2f5684b5a690	0000843b196121663aafa18a8df0b6d170b0c63c878239ab4b08cc4d17cdbbef	5	SELECTED		chr22	50339317	50364317	25000	50351816	50351819	50351817	38707879ab51dcee3dd3331c082e2d9552a9f9d487d4de84f9ebae5b5c556d56	16662
LOW_MAPPABILITY	phase2-window:sha256:c46e01bff7a3294fde28a134a380660fc36bc1078c8c07298f4afab8e63e2a76	0000bc4481490893119aada26025fec0343b694e44119e2e40b3f6d8b76ee066	6	SELECTED		chr1	6651741	6676741	25000	6664241	6664242	6664241	38707879ab51dcee3dd3331c082e2d9552a9f9d487d4de84f9ebae5b5c556d56	22807
LOW_MAPPABILITY	phase2-window:sha256:c6e31ba96304e38fb52273154c0475a985e879c424b9c71fd3e458a5048efe34	0000bfa8350421179b3d95cf709fff897c6668ad0edf1113f675718142b9c9ef	7	SELECTED		chr1	35361090	35386090	25000	35373586	35373594	35373590	38707879ab51dcee3dd3331c082e2d9552a9f9d487d4de84f9ebae5b5c556d56	24260
LOW_MAPPABILITY	phase2-window:sha256:3520cac1500de6e7cf9d32eaae25dc83a290cdbc418cf173ace2b48bfe704a1b	0000ddff92ed11973cfbe37660c5e8ce196d9e58cbdcad318e9d8a42177a0d76	8	SELECTED		chr4	76519446	76544446	25000	76531905	76531987	76531946	38707879ab51dcee3dd3331c082e2d9552a9f9d487d4de84f9ebae5b5c556d56	24275
LOW_MAPPABILITY	phase2-window:sha256:1b64de6a3e0c2b7e63e3b5505d9c6b111417399d8eb166293dd45f14af4a8da5	0000e876d4fa339bb713c4c7fac8f36245e22d1fce2dec034ef2eb5d2b10c5cf	9	SELECTED		chr12	68049567	68074567	25000	68062051	68062084	68062067	38707879ab51dcee3dd3331c082e2d9552a9f9d487d4de84f9ebae5b5c556d56	24815
LOW_MAPPABILITY	phase2-window:sha256:a454c9bb933051d21d90d27467628b5216486a22b601e9364af8d38ab8461c6f	0001049ba153e760222452ce749e2a3cdb07a814710654f931bcda08d68201ea	10	SELECTED		chr6	52740477	52765477	25000	52752947	52753007	52752977	38707879ab51dcee3dd3331c082e2d9552a9f9d487d4de84f9ebae5b5c556d56	24576
SEGMENTAL_DUPLICATION	phase2-window:sha256:adc7fd407204d5a1c434cb00d78a43c74d7190b3d9d8ccb2f0431fd728bf9e78	0005288485f4e7eb4e8e12fd1a8ab4e424a871ecd4aa85ba3892cba9843b9078	1	SELECTED		chr17	32104071	32129071	25000	32113096	32120046	32116571	09ac029a7d0d681a9f0ed6581a6bc10fc708a834bc3f91c46a9bef504f6055c5	22804
SEGMENTAL_DUPLICATION	phase2-window:sha256:e00cedf109e5809c8ee228f99d7eeaae278179f131d331ebd4420d4758546c29	00329e0faf059d64c96f288b6a65f85939bab656ab0b60e49cc35632386c26c8	2	SELECTED		chr8	24905740	24930740	25000	24917383	24919098	24918240	09ac029a7d0d681a9f0ed6581a6bc10fc708a834bc3f91c46a9bef504f6055c5	24478
SEGMENTAL_DUPLICATION	phase2-window:sha256:0b91aa771aac98b03bba44d233bd1545ca47b2640ef9ae7525cbdc54b00e4a60	0037c31caa0fae5268e26e565ed2001de4ef4fa907be4b00eec2bd6e7c536491	3	SELECTED		chr13	46258612	46283612	25000	46270336	46271888	46271112	09ac029a7d0d681a9f0ed6581a6bc10fc708a834bc3f91c46a9bef504f6055c5	17694
SEGMENTAL_DUPLICATION	phase2-window:sha256:e156a2ea6ac3f0c78d4bc8ce14f3501136f1e8d31ef8f66fc665ed3f04e7971e	00426bd9d0e64343fb8dd5cece2c866308c56086fd483b007359c29e06fbd9c0	4	SELECTED		chr15	101721698	101746698	25000	101732199	101736197	101734198	09ac029a7d0d681a9f0ed6581a6bc10fc708a834bc3f91c46a9bef504f6055c5	21703
SEGMENTAL_DUPLICATION	phase2-window:sha256:168d51b55ac6e7f8f485797e097f9f0ca536eaf31692b9a7d6fb4304740166ef	004f5a0850a57d1219c00b930684db6f52e23162570a917b5ec39596621815b3	5	SELECTED		chr4	75866912	75891912	25000	75878859	75879965	75879412	09ac029a7d0d681a9f0ed6581a6bc10fc708a834bc3f91c46a9bef504f6055c5	21780
SEGMENTAL_DUPLICATION	phase2-window:sha256:29cb932b6bd230c5b2ad83e73b7bafae50bc27dfcf1f4d58711bb2b8716aa60b	00516ef77166fcb4ae3fc028abddc756a35ad81ae86e85c6dfb7be6136f13c22	6	SELECTED		chr7	5114664	5139664	25000	5119638	5134690	5127164	09ac029a7d0d681a9f0ed6581a6bc10fc708a834bc3f91c46a9bef504f6055c5	18074
SEGMENTAL_DUPLICATION	phase2-window:sha256:c9ca2afecbef883ff658bfa2411080bc1ccdd6273188655f8fb7494a9e7305ed	005fe1256ce55933eb222728ff8b96f82b974ba7353dea57c3936a049189f278	7	SELECTED		chr15	66988060	67013060	25000	66999984	67001137	67000560	09ac029a7d0d681a9f0ed6581a6bc10fc708a834bc3f91c46a9bef504f6055c5	23123
SEGMENTAL_DUPLICATION	phase2-window:sha256:8f6cb3de79a57dcc93dcce00aadb4500031edcf2df25669874668de91375bfaf	006e525a2a2e6b095fd8fc675af6ac07a8d282223d56c9c2f167b33385f778de	8	SELECTED		chr5	141089929	141114929	25000	141101742	141103116	141102429	09ac029a7d0d681a9f0ed6581a6bc10fc708a834bc3f91c46a9bef504f6055c5	23661
SEGMENTAL_DUPLICATION	phase2-window:sha256:2beadb2b859c2f87f5b408367c890dc5155219cdcd2af727dc5c7865c5929c85	007a7a1aea1576787854816d441b8246453e52ad05b50b82d3e226cb7dc569be	9	SELECTED		chr7	87895280	87920280	25000	87907187	87908373	87907780	09ac029a7d0d681a9f0ed6581a6bc10fc708a834bc3f91c46a9bef504f6055c5	24545
SEGMENTAL_DUPLICATION	phase2-window:sha256:0d436184c22c8e197f406d60a08ec6cc07a57277ffc5247ae276cd7aa7224a17	007bf6babd286b858513eb82e77f0ad93685659b0d2bbf84d1869b4b28f34548	10	SELECTED		chr19	53269704	53294704	25000	53277817	53286591	53282204	09ac029a7d0d681a9f0ed6581a6bc10fc708a834bc3f91c46a9bef504f6055c5	23288
