window_id	context_id	segment_rank	chromosome	start_0based	end_0based	length_bp
phase2-window:sha256:e4b1f8473b1f8579a1535d071128e407cd1b2b4886ec468338a97009b9c3ce72	NON_DIFFICULT	1	chr9	99981992	99982365	373
phase2-window:sha256:e4b1f8473b1f8579a1535d071128e407cd1b2b4886ec468338a97009b9c3ce72	NON_DIFFICULT	2	chr9	99982467	99983525	1058
phase2-window:sha256:e4b1f8473b1f8579a1535d071128e407cd1b2b4886ec468338a97009b9c3ce72	NON_DIFFICULT	3	chr9	99983627	99990836	7209
phase2-window:sha256:e4b1f8473b1f8579a1535d071128e407cd1b2b4886ec468338a97009b9c3ce72	NON_DIFFICULT	4	chr9	99990855	99991699	844
phase2-window:sha256:e4b1f8473b1f8579a1535d071128e407cd1b2b4886ec468338a97009b9c3ce72	NON_DIFFICULT	5	chr9	99991716	99995869	4153
phase2-window:sha256:e4b1f8473b1f8579a1535d071128e407cd1b2b4886ec468338a97009b9c3ce72	NON_DIFFICULT	6	chr9	99995993	99998726	2733
phase2-window:sha256:e4b1f8473b1f8579a1535d071128e407cd1b2b4886ec468338a97009b9c3ce72	NON_DIFFICULT	7	chr9	99998747	99999108	361
phase2-window:sha256:e4b1f8473b1f8579a1535d071128e407cd1b2b4886ec468338a97009b9c3ce72	NON_DIFFICULT	8	chr9	99999235	100006992	7757
phase2-window:sha256:f66268ad23b6260136516c67f67a06a01fd0ab05cbf871c79fcb3e43b5b3605c	NON_DIFFICULT	1	chr5	10313655	10315592	1937
phase2-window:sha256:f66268ad23b6260136516c67f67a06a01fd0ab05cbf871c79fcb3e43b5b3605c	NON_DIFFICULT	2	chr5	10315694	10317050	1356
phase2-window:sha256:f66268ad23b6260136516c67f67a06a01fd0ab05cbf871c79fcb3e43b5b3605c	NON_DIFFICULT	3	chr5	10317569	10327096	9527
phase2-window:sha256:f66268ad23b6260136516c67f67a06a01fd0ab05cbf871c79fcb3e43b5b3605c	NON_DIFFICULT	4	chr5	10327199	10332747	5548
phase2-window:sha256:f66268ad23b6260136516c67f67a06a01fd0ab05cbf871c79fcb3e43b5b3605c	NON_DIFFICULT	5	chr5	10332849	10336456	3607
phase2-window:sha256:f66268ad23b6260136516c67f67a06a01fd0ab05cbf871c79fcb3e43b5b3605c	NON_DIFFICULT	6	chr5	10336559	10338655	2096
phase2-window:sha256:f7cbf3e8f00407df3412dab9a5f334386262f4d643f6724e96260ec24f820f96	NON_DIFFICULT	1	chr8	3980687	3981449	762
phase2-window:sha256:f7cbf3e8f00407df3412dab9a5f334386262f4d643f6724e96260ec24f820f96	NON_DIFFICULT	2	chr8	3981578	3982109	531
phase2-window:sha256:f7cbf3e8f00407df3412dab9a5f334386262f4d643f6724e96260ec24f820f96	NON_DIFFICULT	3	chr8	3982250	3983084	834
phase2-window:sha256:f7cbf3e8f00407df3412dab9a5f334386262f4d643f6724e96260ec24f820f96	NON_DIFFICULT	4	chr8	3983186	3983743	557
phase2-window:sha256:f7cbf3e8f00407df3412dab9a5f334386262f4d643f6724e96260ec24f820f96	NON_DIFFICULT	5	chr8	3984173	3984649	476
phase2-window:sha256:f7cbf3e8f00407df3412dab9a5f334386262f4d643f6724e96260ec24f820f96	NON_DIFFICULT	6	chr8	3984819	3994396	9577
phase2-window:sha256:f7cbf3e8f00407df3412dab9a5f334386262f4d643f6724e96260ec24f820f96	NON_DIFFICULT	7	chr8	3994500	3996393	1893
phase2-window:sha256:f7cbf3e8f00407df3412dab9a5f334386262f4d643f6724e96260ec24f820f96	NON_DIFFICULT	8	chr8	3996495	3997796	1301
phase2-window:sha256:f7cbf3e8f00407df3412dab9a5f334386262f4d643f6724e96260ec24f820f96	NON_DIFFICULT	9	chr8	3997899	4000082	2183
phase2-window:sha256:f7cbf3e8f00407df3412dab9a5f334386262f4d643f6724e96260ec24f820f96	NON_DIFFICULT	10	chr8	4000346	4005687	5341
phase2-window:sha256:3736e7e55ca7fa7f7dcf05fa94f62888553f73514fb21a198d7d4c2e91de17dd	NON_DIFFICULT	1	chr15	86370491	86372273	1782
phase2-window:sha256:3736e7e55ca7fa7f7dcf05fa94f62888553f73514fb21a198d7d4c2e91de17dd	NON_DIFFICULT	2	chr15	86372503	86380180	7677
phase2-window:sha256:3736e7e55ca7fa7f7dcf05fa94f62888553f73514fb21a198d7d4c2e91de17dd	NON_DIFFICULT	3	chr15	86380315	86385886	5571
phase2-window:sha256:3736e7e55ca7fa7f7dcf05fa94f62888553f73514fb21a198d7d4c2e91de17dd	NON_DIFFICULT	4	chr15	86386293	86390609	4316
phase2-window:sha256:3736e7e55ca7fa7f7dcf05fa94f62888553f73514fb21a198d7d4c2e91de17dd	NON_DIFFICULT	5	chr15	86390711	86390966	255
phase2-window:sha256:3736e7e55ca7fa7f7dcf05fa94f62888553f73514fb21a198d7d4c2e91de17dd	NON_DIFFICULT	6	chr15	86391069	86391589	520
phase2-window:sha256:3736e7e55ca7fa7f7dcf05fa94f62888553f73514fb21a198d7d4c2e91de17dd	NON_DIFFICULT	7	chr15	86391717	86395491	3774
phase2-window:sha256:9dd0b602575e35207b260047eeecff8dd7bdf183f9d550f5aa7550b29abf126e	NON_DIFFICULT	1	chr2	185619753	185621092	1339
phase2-window:sha256:9dd0b602575e35207b260047eeecff8dd7bdf183f9d550f5aa7550b29abf126e	NON_DIFFICULT	2	chr2	185621198	185626269	5071
phase2-window:sha256:9dd0b602575e35207b260047eeecff8dd7bdf183f9d550f5aa7550b29abf126e	NON_DIFFICULT	3	chr2	185626422	185626520	98
phase2-window:sha256:9dd0b602575e35207b260047eeecff8dd7bdf183f9d550f5aa7550b29abf126e	NON_DIFFICULT	4	chr2	185626547	185627180	633
phase2-window:sha256:9dd0b602575e35207b260047eeecff8dd7bdf183f9d550f5aa7550b29abf126e	NON_DIFFICULT	5	chr2	185627282	185627644	362
phase2-window:sha256:9dd0b602575e35207b260047eeecff8dd7bdf183f9d550f5aa7550b29abf126e	NON_DIFFICULT	6	chr2	185627746	185629482	1736
phase2-window:sha256:9dd0b602575e35207b260047eeecff8dd7bdf183f9d550f5aa7550b29abf126e	NON_DIFFICULT	7	chr2	185629610	185641575	11965
phase2-window:sha256:9dd0b602575e35207b260047eeecff8dd7bdf183f9d550f5aa7550b29abf126e	NON_DIFFICULT	8	chr2	185641928	185644753	2825
phase2-window:sha256:9e6b1889fc1242ca91f9d3d7b6af9f7f569d025043ee135c3c0c4721feba9df9	NON_DIFFICULT	1	chr14	63549310	63550648	1338
phase2-window:sha256:9e6b1889fc1242ca91f9d3d7b6af9f7f569d025043ee135c3c0c4721feba9df9	NON_DIFFICULT	2	chr14	63551296	63558253	6957
phase2-window:sha256:9e6b1889fc1242ca91f9d3d7b6af9f7f569d025043ee135c3c0c4721feba9df9	NON_DIFFICULT	3	chr14	63558396	63559849	1453
phase2-window:sha256:9e6b1889fc1242ca91f9d3d7b6af9f7f569d025043ee135c3c0c4721feba9df9	NON_DIFFICULT	4	chr14	63559898	63561146	1248
phase2-window:sha256:9e6b1889fc1242ca91f9d3d7b6af9f7f569d025043ee135c3c0c4721feba9df9	NON_DIFFICULT	5	chr14	63561172	63561348	176
phase2-window:sha256:9e6b1889fc1242ca91f9d3d7b6af9f7f569d025043ee135c3c0c4721feba9df9	NON_DIFFICULT	6	chr14	63561451	63562145	694
phase2-window:sha256:9e6b1889fc1242ca91f9d3d7b6af9f7f569d025043ee135c3c0c4721feba9df9	NON_DIFFICULT	7	chr14	63562248	63569534	7286
phase2-window:sha256:9e6b1889fc1242ca91f9d3d7b6af9f7f569d025043ee135c3c0c4721feba9df9	NON_DIFFICULT	8	chr14	63569639	63569897	258
phase2-window:sha256:9e6b1889fc1242ca91f9d3d7b6af9f7f569d025043ee135c3c0c4721feba9df9	NON_DIFFICULT	9	chr14	63570497	63573942	3445
phase2-window:sha256:9e6b1889fc1242ca91f9d3d7b6af9f7f569d025043ee135c3c0c4721feba9df9	NON_DIFFICULT	10	chr14	63574080	63574310	230
phase2-window:sha256:762fd09292d7c698ff3aedf406a4ad77c963a918c6c72e78bfd54320d12e0777	NON_DIFFICULT	1	chr7	98345948	98348503	2555
phase2-window:sha256:762fd09292d7c698ff3aedf406a4ad77c963a918c6c72e78bfd54320d12e0777	NON_DIFFICULT	2	chr7	98348634	98353910	5276
phase2-window:sha256:762fd09292d7c698ff3aedf406a4ad77c963a918c6c72e78bfd54320d12e0777	NON_DIFFICULT	3	chr7	98354027	98355505	1478
phase2-window:sha256:762fd09292d7c698ff3aedf406a4ad77c963a918c6c72e78bfd54320d12e0777	NON_DIFFICULT	4	chr7	98355623	98356614	991
phase2-window:sha256:762fd09292d7c698ff3aedf406a4ad77c963a918c6c72e78bfd54320d12e0777	NON_DIFFICULT	5	chr7	98356718	98356850	132
phase2-window:sha256:762fd09292d7c698ff3aedf406a4ad77c963a918c6c72e78bfd54320d12e0777	NON_DIFFICULT	6	chr7	98357211	98357514	303
phase2-window:sha256:762fd09292d7c698ff3aedf406a4ad77c963a918c6c72e78bfd54320d12e0777	NON_DIFFICULT	7	chr7	98357616	98359268	1652
phase2-window:sha256:762fd09292d7c698ff3aedf406a4ad77c963a918c6c72e78bfd54320d12e0777	NON_DIFFICULT	8	chr7	98359296	98359694	398
phase2-window:sha256:762fd09292d7c698ff3aedf406a4ad77c963a918c6c72e78bfd54320d12e0777	NON_DIFFICULT	9	chr7	98359821	98359874	53
phase2-window:sha256:762fd09292d7c698ff3aedf406a4ad77c963a918c6c72e78bfd54320d12e0777	NON_DIFFICULT	10	chr7	98359976	98362976	3000
phase2-window:sha256:762fd09292d7c698ff3aedf406a4ad77c963a918c6c72e78bfd54320d12e0777	NON_DIFFICULT	11	chr7	98363086	98364935	1849
phase2-window:sha256:762fd09292d7c698ff3aedf406a4ad77c963a918c6c72e78bfd54320d12e0777	NON_DIFFICULT	12	chr7	98365100	98367369	2269
phase2-window:sha256:762fd09292d7c698ff3aedf406a4ad77c963a918c6c72e78bfd54320d12e0777	NON_DIFFICULT	13	chr7	98367697	98368413	716
phase2-window:sha256:762fd09292d7c698ff3aedf406a4ad77c963a918c6c72e78bfd54320d12e0777	NON_DIFFICULT	14	chr7	98368448	98368754	306
phase2-window:sha256:762fd09292d7c698ff3aedf406a4ad77c963a918c6c72e78bfd54320d12e0777	NON_DIFFICULT	15	chr7	98368863	98369612	749
phase2-window:sha256:762fd09292d7c698ff3aedf406a4ad77c963a918c6c72e78bfd54320d12e0777	NON_DIFFICULT	16	chr7	98369718	98370321	603
phase2-window:sha256:762fd09292d7c698ff3aedf406a4ad77c963a918c6c72e78bfd54320d12e0777	NON_DIFFICULT	17	chr7	98370423	98370948	525
phase2-window:sha256:42d4a55abb970a300458a6444c16e4e5c7f2e4c64e6c16678b9fe05f9a3d80ed	NON_DIFFICULT	1	chr10	68578728	68580262	1534
phase2-window:sha256:42d4a55abb970a300458a6444c16e4e5c7f2e4c64e6c16678b9fe05f9a3d80ed	NON_DIFFICULT	2	chr10	68580365	68580731	366
phase2-window:sha256:42d4a55abb970a300458a6444c16e4e5c7f2e4c64e6c16678b9fe05f9a3d80ed	NON_DIFFICULT	3	chr10	68580856	68584201	3345
phase2-window:sha256:42d4a55abb970a300458a6444c16e4e5c7f2e4c64e6c16678b9fe05f9a3d80ed	NON_DIFFICULT	4	chr10	68584226	68585707	1481
phase2-window:sha256:42d4a55abb970a300458a6444c16e4e5c7f2e4c64e6c16678b9fe05f9a3d80ed	NON_DIFFICULT	5	chr10	68585732	68585951	219
phase2-window:sha256:42d4a55abb970a300458a6444c16e4e5c7f2e4c64e6c16678b9fe05f9a3d80ed	NON_DIFFICULT	6	chr10	68586071	68586434	363
phase2-window:sha256:42d4a55abb970a300458a6444c16e4e5c7f2e4c64e6c16678b9fe05f9a3d80ed	NON_DIFFICULT	7	chr10	68586693	68587871	1178
phase2-window:sha256:42d4a55abb970a300458a6444c16e4e5c7f2e4c64e6c16678b9fe05f9a3d80ed	NON_DIFFICULT	8	chr10	68587903	68588155	252
phase2-window:sha256:42d4a55abb970a300458a6444c16e4e5c7f2e4c64e6c16678b9fe05f9a3d80ed	NON_DIFFICULT	9	chr10	68588176	68588661	485
phase2-window:sha256:42d4a55abb970a300458a6444c16e4e5c7f2e4c64e6c16678b9fe05f9a3d80ed	NON_DIFFICULT	10	chr10	68588683	68588771	88
phase2-window:sha256:42d4a55abb970a300458a6444c16e4e5c7f2e4c64e6c16678b9fe05f9a3d80ed	NON_DIFFICULT	11	chr10	68588874	68589065	191
phase2-window:sha256:42d4a55abb970a300458a6444c16e4e5c7f2e4c64e6c16678b9fe05f9a3d80ed	NON_DIFFICULT	12	chr10	68589176	68589432	256
phase2-window:sha256:42d4a55abb970a300458a6444c16e4e5c7f2e4c64e6c16678b9fe05f9a3d80ed	NON_DIFFICULT	13	chr10	68589488	68589611	123
phase2-window:sha256:42d4a55abb970a300458a6444c16e4e5c7f2e4c64e6c16678b9fe05f9a3d80ed	NON_DIFFICULT	14	chr10	68589720	68590102	382
phase2-window:sha256:42d4a55abb970a300458a6444c16e4e5c7f2e4c64e6c16678b9fe05f9a3d80ed	NON_DIFFICULT	15	chr10	68590131	68590278	147
phase2-window:sha256:42d4a55abb970a300458a6444c16e4e5c7f2e4c64e6c16678b9fe05f9a3d80ed	NON_DIFFICULT	16	chr10	68590320	68590784	464
phase2-window:sha256:42d4a55abb970a300458a6444c16e4e5c7f2e4c64e6c16678b9fe05f9a3d80ed	NON_DIFFICULT	17	chr10	68590887	68593225	2338
phase2-window:sha256:42d4a55abb970a300458a6444c16e4e5c7f2e4c64e6c16678b9fe05f9a3d80ed	NON_DIFFICULT	18	chr10	68593261	68593864	603
phase2-window:sha256:42d4a55abb970a300458a6444c16e4e5c7f2e4c64e6c16678b9fe05f9a3d80ed	NON_DIFFICULT	19	chr10	68593968	68595561	1593
phase2-window:sha256:42d4a55abb970a300458a6444c16e4e5c7f2e4c64e6c16678b9fe05f9a3d80ed	NON_DIFFICULT	20	chr10	68595665	68595868	203
phase2-window:sha256:42d4a55abb970a300458a6444c16e4e5c7f2e4c64e6c16678b9fe05f9a3d80ed	NON_DIFFICULT	21	chr10	68596078	68596985	907
phase2-window:sha256:42d4a55abb970a300458a6444c16e4e5c7f2e4c64e6c16678b9fe05f9a3d80ed	NON_DIFFICULT	22	chr10	68597056	68598628	1572
phase2-window:sha256:42d4a55abb970a300458a6444c16e4e5c7f2e4c64e6c16678b9fe05f9a3d80ed	NON_DIFFICULT	23	chr10	68598751	68603728	4977
phase2-window:sha256:f6cfe19b27d2473c1a5719809122322e82c437e9d9fafe9e4c6cff9fc1c97f52	NON_DIFFICULT	1	chr18	4609732	4609823	91
phase2-window:sha256:f6cfe19b27d2473c1a5719809122322e82c437e9d9fafe9e4c6cff9fc1c97f52	NON_DIFFICULT	2	chr18	4609925	4615846	5921
phase2-window:sha256:f6cfe19b27d2473c1a5719809122322e82c437e9d9fafe9e4c6cff9fc1c97f52	NON_DIFFICULT	3	chr18	4615864	4618895	3031
phase2-window:sha256:f6cfe19b27d2473c1a5719809122322e82c437e9d9fafe9e4c6cff9fc1c97f52	NON_DIFFICULT	4	chr18	4619290	4619785	495
phase2-window:sha256:f6cfe19b27d2473c1a5719809122322e82c437e9d9fafe9e4c6cff9fc1c97f52	NON_DIFFICULT	5	chr18	4619903	4620224	321
phase2-window:sha256:f6cfe19b27d2473c1a5719809122322e82c437e9d9fafe9e4c6cff9fc1c97f52	NON_DIFFICULT	6	chr18	4620399	4621326	927
phase2-window:sha256:f6cfe19b27d2473c1a5719809122322e82c437e9d9fafe9e4c6cff9fc1c97f52	NON_DIFFICULT	7	chr18	4621429	4634732	13303
phase2-window:sha256:f1e934c405ff2fdd00121eec929f3c53aa0251bb8955fd77bbc77d5d98b5ef15	NON_DIFFICULT	1	chr15	91710240	91717372	7132
phase2-window:sha256:f1e934c405ff2fdd00121eec929f3c53aa0251bb8955fd77bbc77d5d98b5ef15	NON_DIFFICULT	2	chr15	91717391	91717480	89
phase2-window:sha256:f1e934c405ff2fdd00121eec929f3c53aa0251bb8955fd77bbc77d5d98b5ef15	NON_DIFFICULT	3	chr15	91717589	91730238	12649
phase2-window:sha256:f1e934c405ff2fdd00121eec929f3c53aa0251bb8955fd77bbc77d5d98b5ef15	NON_DIFFICULT	4	chr15	91730341	91730418	77
phase2-window:sha256:f1e934c405ff2fdd00121eec929f3c53aa0251bb8955fd77bbc77d5d98b5ef15	NON_DIFFICULT	5	chr15	91730521	91733119	2598
phase2-window:sha256:f1e934c405ff2fdd00121eec929f3c53aa0251bb8955fd77bbc77d5d98b5ef15	NON_DIFFICULT	6	chr15	91733221	91735240	2019
phase2-window:sha256:af6fba827c2734dd51a588a411001721309edc5b94be470c1427de800c1a5c67	HOMOPOLYMER	1	chr19	51650606	51655826	5220
phase2-window:sha256:af6fba827c2734dd51a588a411001721309edc5b94be470c1427de800c1a5c67	HOMOPOLYMER	2	chr19	51656179	51656417	238
phase2-window:sha256:af6fba827c2734dd51a588a411001721309edc5b94be470c1427de800c1a5c67	HOMOPOLYMER	3	chr19	51656770	51657195	425
phase2-window:sha256:af6fba827c2734dd51a588a411001721309edc5b94be470c1427de800c1a5c67	HOMOPOLYMER	4	chr19	51657308	51660745	3437
phase2-window:sha256:af6fba827c2734dd51a588a411001721309edc5b94be470c1427de800c1a5c67	HOMOPOLYMER	5	chr19	51660925	51660989	64
phase2-window:sha256:af6fba827c2734dd51a588a411001721309edc5b94be470c1427de800c1a5c67	HOMOPOLYMER	6	chr19	51661108	51666504	5396
phase2-window:sha256:af6fba827c2734dd51a588a411001721309edc5b94be470c1427de800c1a5c67	HOMOPOLYMER	7	chr19	51666810	51672130	5320
phase2-window:sha256:af6fba827c2734dd51a588a411001721309edc5b94be470c1427de800c1a5c67	HOMOPOLYMER	8	chr19	51674861	51674977	116
phase2-window:sha256:af6fba827c2734dd51a588a411001721309edc5b94be470c1427de800c1a5c67	HOMOPOLYMER	9	chr19	51675103	51675606	503
phase2-window:sha256:49d863a45e0cc309c275e3f5a6c590e605b49a05518d9c3efcd8ad18d981363d	HOMOPOLYMER	1	chr4	189281732	189282784	1052
phase2-window:sha256:49d863a45e0cc309c275e3f5a6c590e605b49a05518d9c3efcd8ad18d981363d	HOMOPOLYMER	2	chr4	189282886	189283204	318
phase2-window:sha256:49d863a45e0cc309c275e3f5a6c590e605b49a05518d9c3efcd8ad18d981363d	HOMOPOLYMER	3	chr4	189283221	189283367	146
phase2-window:sha256:49d863a45e0cc309c275e3f5a6c590e605b49a05518d9c3efcd8ad18d981363d	HOMOPOLYMER	4	chr4	189283389	189283883	494
phase2-window:sha256:49d863a45e0cc309c275e3f5a6c590e605b49a05518d9c3efcd8ad18d981363d	HOMOPOLYMER	5	chr4	189283993	189284048	55
phase2-window:sha256:49d863a45e0cc309c275e3f5a6c590e605b49a05518d9c3efcd8ad18d981363d	HOMOPOLYMER	6	chr4	189284065	189284342	277
phase2-window:sha256:49d863a45e0cc309c275e3f5a6c590e605b49a05518d9c3efcd8ad18d981363d	HOMOPOLYMER	7	chr4	189284503	189287082	2579
phase2-window:sha256:49d863a45e0cc309c275e3f5a6c590e605b49a05518d9c3efcd8ad18d981363d	HOMOPOLYMER	8	chr4	189287165	189287896	731
phase2-window:sha256:49d863a45e0cc309c275e3f5a6c590e605b49a05518d9c3efcd8ad18d981363d	HOMOPOLYMER	9	chr4	189287913	189288725	812
phase2-window:sha256:49d863a45e0cc309c275e3f5a6c590e605b49a05518d9c3efcd8ad18d981363d	HOMOPOLYMER	10	chr4	189288773	189289819	1046
phase2-window:sha256:49d863a45e0cc309c275e3f5a6c590e605b49a05518d9c3efcd8ad18d981363d	HOMOPOLYMER	11	chr4	189289921	189290597	676
phase2-window:sha256:49d863a45e0cc309c275e3f5a6c590e605b49a05518d9c3efcd8ad18d981363d	HOMOPOLYMER	12	chr4	189290700	189290906	206
phase2-window:sha256:49d863a45e0cc309c275e3f5a6c590e605b49a05518d9c3efcd8ad18d981363d	HOMOPOLYMER	13	chr4	189291020	189296384	5364
phase2-window:sha256:49d863a45e0cc309c275e3f5a6c590e605b49a05518d9c3efcd8ad18d981363d	HOMOPOLYMER	14	chr4	189296486	189301101	4615
phase2-window:sha256:addd7c07382b095470320280dad554750f3ad33f986e7d24baf136c882f5a4d1	HOMOPOLYMER	1	chr3	180307048	180318846	11798
phase2-window:sha256:addd7c07382b095470320280dad554750f3ad33f986e7d24baf136c882f5a4d1	HOMOPOLYMER	2	chr3	180318880	180322088	3208
phase2-window:sha256:addd7c07382b095470320280dad554750f3ad33f986e7d24baf136c882f5a4d1	HOMOPOLYMER	3	chr3	180322198	180322850	652
phase2-window:sha256:addd7c07382b095470320280dad554750f3ad33f986e7d24baf136c882f5a4d1	HOMOPOLYMER	4	chr3	180322875	180323493	618
phase2-window:sha256:addd7c07382b095470320280dad554750f3ad33f986e7d24baf136c882f5a4d1	HOMOPOLYMER	5	chr3	180323622	180326045	2423
phase2-window:sha256:addd7c07382b095470320280dad554750f3ad33f986e7d24baf136c882f5a4d1	HOMOPOLYMER	6	chr3	180326063	180326385	322
phase2-window:sha256:addd7c07382b095470320280dad554750f3ad33f986e7d24baf136c882f5a4d1	HOMOPOLYMER	7	chr3	180326447	180326714	267
phase2-window:sha256:addd7c07382b095470320280dad554750f3ad33f986e7d24baf136c882f5a4d1	HOMOPOLYMER	8	chr3	180326747	180332048	5301
phase2-window:sha256:a35b43bfc41ded0243efcf1ed2f7c71b7ef9d628452ffb638959429ab97f5ae2	HOMOPOLYMER	1	chr14	41104384	41106396	2012
phase2-window:sha256:a35b43bfc41ded0243efcf1ed2f7c71b7ef9d628452ffb638959429ab97f5ae2	HOMOPOLYMER	2	chr14	41106504	41110734	4230
phase2-window:sha256:a35b43bfc41ded0243efcf1ed2f7c71b7ef9d628452ffb638959429ab97f5ae2	HOMOPOLYMER	3	chr14	41110859	41116094	5235
phase2-window:sha256:a35b43bfc41ded0243efcf1ed2f7c71b7ef9d628452ffb638959429ab97f5ae2	HOMOPOLYMER	4	chr14	41116239	41117947	1708
phase2-window:sha256:a35b43bfc41ded0243efcf1ed2f7c71b7ef9d628452ffb638959429ab97f5ae2	HOMOPOLYMER	5	chr14	41118063	41118413	350
phase2-window:sha256:a35b43bfc41ded0243efcf1ed2f7c71b7ef9d628452ffb638959429ab97f5ae2	HOMOPOLYMER	6	chr14	41118547	41120840	2293
phase2-window:sha256:a35b43bfc41ded0243efcf1ed2f7c71b7ef9d628452ffb638959429ab97f5ae2	HOMOPOLYMER	7	chr14	41120952	41128503	7551
phase2-window:sha256:a35b43bfc41ded0243efcf1ed2f7c71b7ef9d628452ffb638959429ab97f5ae2	HOMOPOLYMER	8	chr14	41128606	41129031	425
phase2-window:sha256:a35b43bfc41ded0243efcf1ed2f7c71b7ef9d628452ffb638959429ab97f5ae2	HOMOPOLYMER	9	chr14	41129165	41129384	219
phase2-window:sha256:65406427793eb8abd9888ce244a06d4e6a652da9d1a21a0ec1db4788615dc5fe	HOMOPOLYMER	1	chr15	79928165	79928184	19
phase2-window:sha256:65406427793eb8abd9888ce244a06d4e6a652da9d1a21a0ec1db4788615dc5fe	HOMOPOLYMER	2	chr15	79928307	79928502	195
phase2-window:sha256:65406427793eb8abd9888ce244a06d4e6a652da9d1a21a0ec1db4788615dc5fe	HOMOPOLYMER	3	chr15	79928604	79929550	946
phase2-window:sha256:65406427793eb8abd9888ce244a06d4e6a652da9d1a21a0ec1db4788615dc5fe	HOMOPOLYMER	4	chr15	79929702	79930183	481
phase2-window:sha256:65406427793eb8abd9888ce244a06d4e6a652da9d1a21a0ec1db4788615dc5fe	HOMOPOLYMER	5	chr15	79930289	79936445	6156
phase2-window:sha256:65406427793eb8abd9888ce244a06d4e6a652da9d1a21a0ec1db4788615dc5fe	HOMOPOLYMER	6	chr15	79936549	79937904	1355
phase2-window:sha256:65406427793eb8abd9888ce244a06d4e6a652da9d1a21a0ec1db4788615dc5fe	HOMOPOLYMER	7	chr15	79938015	79940906	2891
phase2-window:sha256:65406427793eb8abd9888ce244a06d4e6a652da9d1a21a0ec1db4788615dc5fe	HOMOPOLYMER	8	chr15	79941019	79949099	8080
phase2-window:sha256:65406427793eb8abd9888ce244a06d4e6a652da9d1a21a0ec1db4788615dc5fe	HOMOPOLYMER	9	chr15	79949202	79949598	396
phase2-window:sha256:65406427793eb8abd9888ce244a06d4e6a652da9d1a21a0ec1db4788615dc5fe	HOMOPOLYMER	10	chr15	79949701	79949932	231
phase2-window:sha256:65406427793eb8abd9888ce244a06d4e6a652da9d1a21a0ec1db4788615dc5fe	HOMOPOLYMER	11	chr15	79950268	79951086	818
phase2-window:sha256:65406427793eb8abd9888ce244a06d4e6a652da9d1a21a0ec1db4788615dc5fe	HOMOPOLYMER	12	chr15	79951188	79951382	194
phase2-window:sha256:65406427793eb8abd9888ce244a06d4e6a652da9d1a21a0ec1db4788615dc5fe	HOMOPOLYMER	13	chr15	79951514	79953165	1651
phase2-window:sha256:83efc395758427a2af499ca31ef5aa8b2df083bea6f580df369ea70d074b2482	HOMOPOLYMER	1	chr2	229091586	229091932	346
phase2-window:sha256:83efc395758427a2af499ca31ef5aa8b2df083bea6f580df369ea70d074b2482	HOMOPOLYMER	2	chr2	229092360	229093083	723
phase2-window:sha256:83efc395758427a2af499ca31ef5aa8b2df083bea6f580df369ea70d074b2482	HOMOPOLYMER	3	chr2	229093189	229093717	528
phase2-window:sha256:83efc395758427a2af499ca31ef5aa8b2df083bea6f580df369ea70d074b2482	HOMOPOLYMER	4	chr2	229093820	229103520	9700
phase2-window:sha256:83efc395758427a2af499ca31ef5aa8b2df083bea6f580df369ea70d074b2482	HOMOPOLYMER	5	chr2	229103623	229107452	3829
phase2-window:sha256:83efc395758427a2af499ca31ef5aa8b2df083bea6f580df369ea70d074b2482	HOMOPOLYMER	6	chr2	229107555	229115351	7796
phase2-window:sha256:83efc395758427a2af499ca31ef5aa8b2df083bea6f580df369ea70d074b2482	HOMOPOLYMER	7	chr2	229115488	229116062	574
phase2-window:sha256:83efc395758427a2af499ca31ef5aa8b2df083bea6f580df369ea70d074b2482	HOMOPOLYMER	8	chr2	229116082	229116586	504
phase2-window:sha256:a4402958b198f87aeae8f17d12a57b491873c54460dbdbb85c2b947050d1dcfb	HOMOPOLYMER	1	chr10	83123826	83125833	2007
phase2-window:sha256:a4402958b198f87aeae8f17d12a57b491873c54460dbdbb85c2b947050d1dcfb	HOMOPOLYMER	2	chr10	83125935	83136430	10495
phase2-window:sha256:a4402958b198f87aeae8f17d12a57b491873c54460dbdbb85c2b947050d1dcfb	HOMOPOLYMER	3	chr10	83136533	83145285	8752
phase2-window:sha256:a4402958b198f87aeae8f17d12a57b491873c54460dbdbb85c2b947050d1dcfb	HOMOPOLYMER	4	chr10	83145388	83148826	3438
phase2-window:sha256:dd35bdcdf71ead7c0b8cae8f120d5dab1b648223ba0245167dbb6619a0b2fdbb	HOMOPOLYMER	1	chr18	30975313	30981974	6661
phase2-window:sha256:dd35bdcdf71ead7c0b8cae8f120d5dab1b648223ba0245167dbb6619a0b2fdbb	HOMOPOLYMER	2	chr18	30982080	30984461	2381
phase2-window:sha256:dd35bdcdf71ead7c0b8cae8f120d5dab1b648223ba0245167dbb6619a0b2fdbb	HOMOPOLYMER	3	chr18	30984609	30992110	7501
phase2-window:sha256:dd35bdcdf71ead7c0b8cae8f120d5dab1b648223ba0245167dbb6619a0b2fdbb	HOMOPOLYMER	4	chr18	30992229	30995920	3691
phase2-window:sha256:dd35bdcdf71ead7c0b8cae8f120d5dab1b648223ba0245167dbb6619a0b2fdbb	HOMOPOLYMER	5	chr18	30996103	31000313	4210
phase2-window:sha256:33e0beb02b8e8505015e84ff1cd21e5df072c8b79df6202c34d321fcc999d113	HOMOPOLYMER	1	chr4	180035212	180041184	5972
phase2-window:sha256:33e0beb02b8e8505015e84ff1cd21e5df072c8b79df6202c34d321fcc999d113	HOMOPOLYMER	2	chr4	180041211	180043537	2326
phase2-window:sha256:33e0beb02b8e8505015e84ff1cd21e5df072c8b79df6202c34d321fcc999d113	HOMOPOLYMER	3	chr4	180043639	180045616	1977
phase2-window:sha256:33e0beb02b8e8505015e84ff1cd21e5df072c8b79df6202c34d321fcc999d113	HOMOPOLYMER	4	chr4	180045725	180058675	12950
phase2-window:sha256:33e0beb02b8e8505015e84ff1cd21e5df072c8b79df6202c34d321fcc999d113	HOMOPOLYMER	5	chr4	180058777	180060212	1435
phase2-window:sha256:6361e47d57096900d0f31a4d31201fa4a48f5ee7ef2032cc317ab97e7add6f39	HOMOPOLYMER	1	chr8	64896165	64911568	15403
phase2-window:sha256:6361e47d57096900d0f31a4d31201fa4a48f5ee7ef2032cc317ab97e7add6f39	HOMOPOLYMER	2	chr8	64911585	64920045	8460
phase2-window:sha256:6361e47d57096900d0f31a4d31201fa4a48f5ee7ef2032cc317ab97e7add6f39	HOMOPOLYMER	3	chr8	64920147	64921165	1018
phase2-window:sha256:8c257fd974b2f53aae43b842f89c8647c25debb836a181e311f1f83459477a6d	TANDEM_REPEAT	1	chr6	167324543	167333826	9283
phase2-window:sha256:8c257fd974b2f53aae43b842f89c8647c25debb836a181e311f1f83459477a6d	TANDEM_REPEAT	2	chr6	167333843	167335119	1276
phase2-window:sha256:8c257fd974b2f53aae43b842f89c8647c25debb836a181e311f1f83459477a6d	TANDEM_REPEAT	3	chr6	167335136	167335816	680
phase2-window:sha256:8c257fd974b2f53aae43b842f89c8647c25debb836a181e311f1f83459477a6d	TANDEM_REPEAT	4	chr6	167335844	167339252	3408
phase2-window:sha256:8c257fd974b2f53aae43b842f89c8647c25debb836a181e311f1f83459477a6d	TANDEM_REPEAT	5	chr6	167339354	167342796	3442
phase2-window:sha256:8c257fd974b2f53aae43b842f89c8647c25debb836a181e311f1f83459477a6d	TANDEM_REPEAT	6	chr6	167342909	167348730	5821
phase2-window:sha256:8c257fd974b2f53aae43b842f89c8647c25debb836a181e311f1f83459477a6d	TANDEM_REPEAT	7	chr6	167348836	167349490	654
phase2-window:sha256:fab4c08307b7b93cf51e720af259de3a45aa3ae017a456c758a3ad660080a196	TANDEM_REPEAT	1	chr15	67502823	67511615	8792
phase2-window:sha256:fab4c08307b7b93cf51e720af259de3a45aa3ae017a456c758a3ad660080a196	TANDEM_REPEAT	2	chr15	67511718	67518227	6509
phase2-window:sha256:fab4c08307b7b93cf51e720af259de3a45aa3ae017a456c758a3ad660080a196	TANDEM_REPEAT	3	chr15	67518330	67527823	9493
phase2-window:sha256:afd7df92acb8f477f86254e222597e0d1513384bec1204f91e5d49a83ac8ad32	TANDEM_REPEAT	1	chr17	81948534	81949552	1018
phase2-window:sha256:afd7df92acb8f477f86254e222597e0d1513384bec1204f91e5d49a83ac8ad32	TANDEM_REPEAT	2	chr17	81949841	81950236	395
phase2-window:sha256:afd7df92acb8f477f86254e222597e0d1513384bec1204f91e5d49a83ac8ad32	TANDEM_REPEAT	3	chr17	81950359	81951073	714
phase2-window:sha256:afd7df92acb8f477f86254e222597e0d1513384bec1204f91e5d49a83ac8ad32	TANDEM_REPEAT	4	chr17	81951175	81952095	920
phase2-window:sha256:afd7df92acb8f477f86254e222597e0d1513384bec1204f91e5d49a83ac8ad32	TANDEM_REPEAT	5	chr17	81952703	81953721	1018
phase2-window:sha256:afd7df92acb8f477f86254e222597e0d1513384bec1204f91e5d49a83ac8ad32	TANDEM_REPEAT	6	chr17	81953824	81954308	484
phase2-window:sha256:afd7df92acb8f477f86254e222597e0d1513384bec1204f91e5d49a83ac8ad32	TANDEM_REPEAT	7	chr17	81954410	81955586	1176
phase2-window:sha256:afd7df92acb8f477f86254e222597e0d1513384bec1204f91e5d49a83ac8ad32	TANDEM_REPEAT	8	chr17	81955974	81958440	2466
phase2-window:sha256:afd7df92acb8f477f86254e222597e0d1513384bec1204f91e5d49a83ac8ad32	TANDEM_REPEAT	9	chr17	81958770	81961500	2730
phase2-window:sha256:afd7df92acb8f477f86254e222597e0d1513384bec1204f91e5d49a83ac8ad32	TANDEM_REPEAT	10	chr17	81961602	81967981	6379
phase2-window:sha256:afd7df92acb8f477f86254e222597e0d1513384bec1204f91e5d49a83ac8ad32	TANDEM_REPEAT	11	chr17	81968083	81968412	329
phase2-window:sha256:afd7df92acb8f477f86254e222597e0d1513384bec1204f91e5d49a83ac8ad32	TANDEM_REPEAT	12	chr17	81968514	81969924	1410
phase2-window:sha256:afd7df92acb8f477f86254e222597e0d1513384bec1204f91e5d49a83ac8ad32	TANDEM_REPEAT	13	chr17	81970556	81970666	110
phase2-window:sha256:afd7df92acb8f477f86254e222597e0d1513384bec1204f91e5d49a83ac8ad32	TANDEM_REPEAT	14	chr17	81970696	81970806	110
phase2-window:sha256:afd7df92acb8f477f86254e222597e0d1513384bec1204f91e5d49a83ac8ad32	TANDEM_REPEAT	15	chr17	81970831	81973070	2239
phase2-window:sha256:afd7df92acb8f477f86254e222597e0d1513384bec1204f91e5d49a83ac8ad32	TANDEM_REPEAT	16	chr17	81973172	81973378	206
phase2-window:sha256:ca0f7ff023f28845be7ac7b0505ece7982a4ebec338ce065604943cedf6a53e9	TANDEM_REPEAT	1	chr2	134949083	134949751	668
phase2-window:sha256:ca0f7ff023f28845be7ac7b0505ece7982a4ebec338ce065604943cedf6a53e9	TANDEM_REPEAT	2	chr2	134949864	134962281	12417
phase2-window:sha256:ca0f7ff023f28845be7ac7b0505ece7982a4ebec338ce065604943cedf6a53e9	TANDEM_REPEAT	3	chr2	134962412	134966413	4001
phase2-window:sha256:ca0f7ff023f28845be7ac7b0505ece7982a4ebec338ce065604943cedf6a53e9	TANDEM_REPEAT	4	chr2	134966431	134967806	1375
phase2-window:sha256:ca0f7ff023f28845be7ac7b0505ece7982a4ebec338ce065604943cedf6a53e9	TANDEM_REPEAT	5	chr2	134967909	134968369	460
phase2-window:sha256:ca0f7ff023f28845be7ac7b0505ece7982a4ebec338ce065604943cedf6a53e9	TANDEM_REPEAT	6	chr2	134968969	134969180	211
phase2-window:sha256:ca0f7ff023f28845be7ac7b0505ece7982a4ebec338ce065604943cedf6a53e9	TANDEM_REPEAT	7	chr2	134969199	134970590	1391
phase2-window:sha256:ca0f7ff023f28845be7ac7b0505ece7982a4ebec338ce065604943cedf6a53e9	TANDEM_REPEAT	8	chr2	134970621	134974083	3462
phase2-window:sha256:2862835e92ff0b9b0e9f527d29f763d74810e9b80f27c961ef7a27e582de7a9f	TANDEM_REPEAT	1	chr4	48329661	48342660	12999
phase2-window:sha256:2862835e92ff0b9b0e9f527d29f763d74810e9b80f27c961ef7a27e582de7a9f	TANDEM_REPEAT	2	chr4	48342787	48346784	3997
phase2-window:sha256:2862835e92ff0b9b0e9f527d29f763d74810e9b80f27c961ef7a27e582de7a9f	TANDEM_REPEAT	3	chr4	48346887	48348638	1751
phase2-window:sha256:2862835e92ff0b9b0e9f527d29f763d74810e9b80f27c961ef7a27e582de7a9f	TANDEM_REPEAT	4	chr4	48348740	48352061	3321
phase2-window:sha256:2862835e92ff0b9b0e9f527d29f763d74810e9b80f27c961ef7a27e582de7a9f	TANDEM_REPEAT	5	chr4	48352166	48354661	2495
phase2-window:sha256:c6d5bfeecb346aa1b446b42f62e8b728bfc5c734592c3622a315583801947f37	TANDEM_REPEAT	1	chr6	77317397	77317439	42
phase2-window:sha256:c6d5bfeecb346aa1b446b42f62e8b728bfc5c734592c3622a315583801947f37	TANDEM_REPEAT	2	chr6	77317543	77321970	4427
phase2-window:sha256:c6d5bfeecb346aa1b446b42f62e8b728bfc5c734592c3622a315583801947f37	TANDEM_REPEAT	3	chr6	77322102	77342397	20295
phase2-window:sha256:74d262a592182c996150a995a44d6eb647780fc088a0ab6ccb09416073d74a51	TANDEM_REPEAT	1	chr1	36997097	37000399	3302
phase2-window:sha256:74d262a592182c996150a995a44d6eb647780fc088a0ab6ccb09416073d74a51	TANDEM_REPEAT	2	chr1	37000525	37002619	2094
phase2-window:sha256:74d262a592182c996150a995a44d6eb647780fc088a0ab6ccb09416073d74a51	TANDEM_REPEAT	3	chr1	37002722	37002970	248
phase2-window:sha256:74d262a592182c996150a995a44d6eb647780fc088a0ab6ccb09416073d74a51	TANDEM_REPEAT	4	chr1	37003108	37010675	7567
phase2-window:sha256:74d262a592182c996150a995a44d6eb647780fc088a0ab6ccb09416073d74a51	TANDEM_REPEAT	5	chr1	37010777	37014783	4006
phase2-window:sha256:74d262a592182c996150a995a44d6eb647780fc088a0ab6ccb09416073d74a51	TANDEM_REPEAT	6	chr1	37014980	37017318	2338
phase2-window:sha256:74d262a592182c996150a995a44d6eb647780fc088a0ab6ccb09416073d74a51	TANDEM_REPEAT	7	chr1	37017453	37021071	3618
phase2-window:sha256:74d262a592182c996150a995a44d6eb647780fc088a0ab6ccb09416073d74a51	TANDEM_REPEAT	8	chr1	37021178	37022097	919
phase2-window:sha256:f92482d6c8d69ec195032eb28ef9762bac695b3e1d55a2d2e786f91d1257546f	TANDEM_REPEAT	1	chr16	74972538	74972770	232
phase2-window:sha256:f92482d6c8d69ec195032eb28ef9762bac695b3e1d55a2d2e786f91d1257546f	TANDEM_REPEAT	2	chr16	74972876	74973743	867
phase2-window:sha256:f92482d6c8d69ec195032eb28ef9762bac695b3e1d55a2d2e786f91d1257546f	TANDEM_REPEAT	3	chr16	74974027	74978269	4242
phase2-window:sha256:f92482d6c8d69ec195032eb28ef9762bac695b3e1d55a2d2e786f91d1257546f	TANDEM_REPEAT	4	chr16	74978395	74979304	909
phase2-window:sha256:f92482d6c8d69ec195032eb28ef9762bac695b3e1d55a2d2e786f91d1257546f	TANDEM_REPEAT	5	chr16	74979321	74979413	92
phase2-window:sha256:f92482d6c8d69ec195032eb28ef9762bac695b3e1d55a2d2e786f91d1257546f	TANDEM_REPEAT	6	chr16	74979520	74979787	267
phase2-window:sha256:f92482d6c8d69ec195032eb28ef9762bac695b3e1d55a2d2e786f91d1257546f	TANDEM_REPEAT	7	chr16	74979914	74981556	1642
phase2-window:sha256:f92482d6c8d69ec195032eb28ef9762bac695b3e1d55a2d2e786f91d1257546f	TANDEM_REPEAT	8	chr16	74981711	74985934	4223
phase2-window:sha256:f92482d6c8d69ec195032eb28ef9762bac695b3e1d55a2d2e786f91d1257546f	TANDEM_REPEAT	9	chr16	74986039	74987211	1172
phase2-window:sha256:f92482d6c8d69ec195032eb28ef9762bac695b3e1d55a2d2e786f91d1257546f	TANDEM_REPEAT	10	chr16	74987313	74988607	1294
phase2-window:sha256:f92482d6c8d69ec195032eb28ef9762bac695b3e1d55a2d2e786f91d1257546f	TANDEM_REPEAT	11	chr16	74988981	74989610	629
phase2-window:sha256:f92482d6c8d69ec195032eb28ef9762bac695b3e1d55a2d2e786f91d1257546f	TANDEM_REPEAT	12	chr16	74989783	74994245	4462
phase2-window:sha256:f92482d6c8d69ec195032eb28ef9762bac695b3e1d55a2d2e786f91d1257546f	TANDEM_REPEAT	13	chr16	74994348	74997538	3190
phase2-window:sha256:05aaa8ee8c5b07e5c03ac47ac8bf08b7710c435d3609e53ea2a2ebcdab999f96	TANDEM_REPEAT	1	chr7	15657664	15659753	2089
phase2-window:sha256:05aaa8ee8c5b07e5c03ac47ac8bf08b7710c435d3609e53ea2a2ebcdab999f96	TANDEM_REPEAT	2	chr7	15659786	15660961	1175
phase2-window:sha256:05aaa8ee8c5b07e5c03ac47ac8bf08b7710c435d3609e53ea2a2ebcdab999f96	TANDEM_REPEAT	3	chr7	15661073	15662062	989
phase2-window:sha256:05aaa8ee8c5b07e5c03ac47ac8bf08b7710c435d3609e53ea2a2ebcdab999f96	TANDEM_REPEAT	4	chr7	15662084	15666700	4616
phase2-window:sha256:05aaa8ee8c5b07e5c03ac47ac8bf08b7710c435d3609e53ea2a2ebcdab999f96	TANDEM_REPEAT	5	chr7	15666838	15667238	400
phase2-window:sha256:05aaa8ee8c5b07e5c03ac47ac8bf08b7710c435d3609e53ea2a2ebcdab999f96	TANDEM_REPEAT	6	chr7	15667340	15672841	5501
phase2-window:sha256:05aaa8ee8c5b07e5c03ac47ac8bf08b7710c435d3609e53ea2a2ebcdab999f96	TANDEM_REPEAT	7	chr7	15672948	15673546	598
phase2-window:sha256:05aaa8ee8c5b07e5c03ac47ac8bf08b7710c435d3609e53ea2a2ebcdab999f96	TANDEM_REPEAT	8	chr7	15673663	15682664	9001
phase2-window:sha256:91973f2a5d4e78093126173edb872f29437cc7b05aa1bc7367b5fefdddc61ddb	TANDEM_REPEAT	1	chr5	137544322	137550516	6194
phase2-window:sha256:91973f2a5d4e78093126173edb872f29437cc7b05aa1bc7367b5fefdddc61ddb	TANDEM_REPEAT	2	chr5	137550558	137556677	6119
phase2-window:sha256:91973f2a5d4e78093126173edb872f29437cc7b05aa1bc7367b5fefdddc61ddb	TANDEM_REPEAT	3	chr5	137557296	137557371	75
phase2-window:sha256:91973f2a5d4e78093126173edb872f29437cc7b05aa1bc7367b5fefdddc61ddb	TANDEM_REPEAT	4	chr5	137557474	137568613	11139
phase2-window:sha256:91973f2a5d4e78093126173edb872f29437cc7b05aa1bc7367b5fefdddc61ddb	TANDEM_REPEAT	5	chr5	137568753	137569322	569
phase2-window:sha256:b0a431a07ee0cbcf2082a9bdd49d2ba968e26756447557bd8c0331e6015f5bd6	LOW_MAPPABILITY	1	chr19	29414482	29420565	6083
phase2-window:sha256:b0a431a07ee0cbcf2082a9bdd49d2ba968e26756447557bd8c0331e6015f5bd6	LOW_MAPPABILITY	2	chr19	29421103	29425057	3954
phase2-window:sha256:b0a431a07ee0cbcf2082a9bdd49d2ba968e26756447557bd8c0331e6015f5bd6	LOW_MAPPABILITY	3	chr19	29425166	29426599	1433
phase2-window:sha256:b0a431a07ee0cbcf2082a9bdd49d2ba968e26756447557bd8c0331e6015f5bd6	LOW_MAPPABILITY	4	chr19	29426740	29438466	11726
phase2-window:sha256:b0a431a07ee0cbcf2082a9bdd49d2ba968e26756447557bd8c0331e6015f5bd6	LOW_MAPPABILITY	5	chr19	29439453	29439482	29
phase2-window:sha256:21ff439582a90683ca90415fd64844e3826368163c1ab4a30217ad5a3b53eb5e	LOW_MAPPABILITY	1	chr12	128999528	129000974	1446
phase2-window:sha256:21ff439582a90683ca90415fd64844e3826368163c1ab4a30217ad5a3b53eb5e	LOW_MAPPABILITY	2	chr12	129001142	129004272	3130
phase2-window:sha256:21ff439582a90683ca90415fd64844e3826368163c1ab4a30217ad5a3b53eb5e	LOW_MAPPABILITY	3	chr12	129006297	129011811	5514
phase2-window:sha256:21ff439582a90683ca90415fd64844e3826368163c1ab4a30217ad5a3b53eb5e	LOW_MAPPABILITY	4	chr12	129011930	129012949	1019
phase2-window:sha256:21ff439582a90683ca90415fd64844e3826368163c1ab4a30217ad5a3b53eb5e	LOW_MAPPABILITY	5	chr12	129013051	129013267	216
phase2-window:sha256:21ff439582a90683ca90415fd64844e3826368163c1ab4a30217ad5a3b53eb5e	LOW_MAPPABILITY	6	chr12	129013387	129014019	632
phase2-window:sha256:21ff439582a90683ca90415fd64844e3826368163c1ab4a30217ad5a3b53eb5e	LOW_MAPPABILITY	7	chr12	129014189	129014274	85
phase2-window:sha256:21ff439582a90683ca90415fd64844e3826368163c1ab4a30217ad5a3b53eb5e	LOW_MAPPABILITY	8	chr12	129014291	129017606	3315
phase2-window:sha256:21ff439582a90683ca90415fd64844e3826368163c1ab4a30217ad5a3b53eb5e	LOW_MAPPABILITY	9	chr12	129017709	129017767	58
phase2-window:sha256:21ff439582a90683ca90415fd64844e3826368163c1ab4a30217ad5a3b53eb5e	LOW_MAPPABILITY	10	chr12	129018538	129021965	3427
phase2-window:sha256:21ff439582a90683ca90415fd64844e3826368163c1ab4a30217ad5a3b53eb5e	LOW_MAPPABILITY	11	chr12	129022086	129024528	2442
phase2-window:sha256:985fdbf0e7f0cb5e3f61e1ceb9f23c8278875081f497a4ea385e49bf1544bd99	LOW_MAPPABILITY	1	chr14	81652874	81660830	7956
phase2-window:sha256:985fdbf0e7f0cb5e3f61e1ceb9f23c8278875081f497a4ea385e49bf1544bd99	LOW_MAPPABILITY	2	chr14	81660938	81663618	2680
phase2-window:sha256:985fdbf0e7f0cb5e3f61e1ceb9f23c8278875081f497a4ea385e49bf1544bd99	LOW_MAPPABILITY	3	chr14	81663720	81664135	415
phase2-window:sha256:985fdbf0e7f0cb5e3f61e1ceb9f23c8278875081f497a4ea385e49bf1544bd99	LOW_MAPPABILITY	4	chr14	81664264	81664336	72
phase2-window:sha256:985fdbf0e7f0cb5e3f61e1ceb9f23c8278875081f497a4ea385e49bf1544bd99	LOW_MAPPABILITY	5	chr14	81664468	81672564	8096
phase2-window:sha256:985fdbf0e7f0cb5e3f61e1ceb9f23c8278875081f497a4ea385e49bf1544bd99	LOW_MAPPABILITY	6	chr14	81672594	81677874	5280
phase2-window:sha256:f99ff7303731c0a25158c0048b2f55db7ebac0c9212c65183c582a42ea9323a1	LOW_MAPPABILITY	1	chr2	65110691	65112077	1386
phase2-window:sha256:f99ff7303731c0a25158c0048b2f55db7ebac0c9212c65183c582a42ea9323a1	LOW_MAPPABILITY	2	chr2	65112198	65114813	2615
phase2-window:sha256:f99ff7303731c0a25158c0048b2f55db7ebac0c9212c65183c582a42ea9323a1	LOW_MAPPABILITY	3	chr2	65114916	65117682	2766
phase2-window:sha256:f99ff7303731c0a25158c0048b2f55db7ebac0c9212c65183c582a42ea9323a1	LOW_MAPPABILITY	4	chr2	65117785	65119789	2004
phase2-window:sha256:f99ff7303731c0a25158c0048b2f55db7ebac0c9212c65183c582a42ea9323a1	LOW_MAPPABILITY	5	chr2	65119940	65120404	464
phase2-window:sha256:f99ff7303731c0a25158c0048b2f55db7ebac0c9212c65183c582a42ea9323a1	LOW_MAPPABILITY	6	chr2	65120507	65121184	677
phase2-window:sha256:f99ff7303731c0a25158c0048b2f55db7ebac0c9212c65183c582a42ea9323a1	LOW_MAPPABILITY	7	chr2	65121286	65122103	817
phase2-window:sha256:f99ff7303731c0a25158c0048b2f55db7ebac0c9212c65183c582a42ea9323a1	LOW_MAPPABILITY	8	chr2	65122218	65122387	169
phase2-window:sha256:f99ff7303731c0a25158c0048b2f55db7ebac0c9212c65183c582a42ea9323a1	LOW_MAPPABILITY	9	chr2	65122413	65122923	510
phase2-window:sha256:f99ff7303731c0a25158c0048b2f55db7ebac0c9212c65183c582a42ea9323a1	LOW_MAPPABILITY	10	chr2	65123221	65125372	2151
phase2-window:sha256:f99ff7303731c0a25158c0048b2f55db7ebac0c9212c65183c582a42ea9323a1	LOW_MAPPABILITY	11	chr2	65125494	65125796	302
phase2-window:sha256:f99ff7303731c0a25158c0048b2f55db7ebac0c9212c65183c582a42ea9323a1	LOW_MAPPABILITY	12	chr2	65125918	65130595	4677
phase2-window:sha256:f99ff7303731c0a25158c0048b2f55db7ebac0c9212c65183c582a42ea9323a1	LOW_MAPPABILITY	13	chr2	65130621	65132009	1388
phase2-window:sha256:f99ff7303731c0a25158c0048b2f55db7ebac0c9212c65183c582a42ea9323a1	LOW_MAPPABILITY	14	chr2	65132141	65135691	3550
phase2-window:sha256:d10dabf87da85069cd13184d2e6e8d29f503442d7fb5d13cd07d2f5684b5a690	LOW_MAPPABILITY	1	chr22	50341000	50342891	1891
phase2-window:sha256:d10dabf87da85069cd13184d2e6e8d29f503442d7fb5d13cd07d2f5684b5a690	LOW_MAPPABILITY	2	chr22	50347255	50348986	1731
phase2-window:sha256:d10dabf87da85069cd13184d2e6e8d29f503442d7fb5d13cd07d2f5684b5a690	LOW_MAPPABILITY	3	chr22	50349088	50349144	56
phase2-window:sha256:d10dabf87da85069cd13184d2e6e8d29f503442d7fb5d13cd07d2f5684b5a690	LOW_MAPPABILITY	4	chr22	50349255	50349312	57
phase2-window:sha256:d10dabf87da85069cd13184d2e6e8d29f503442d7fb5d13cd07d2f5684b5a690	LOW_MAPPABILITY	5	chr22	50349417	50350793	1376
phase2-window:sha256:d10dabf87da85069cd13184d2e6e8d29f503442d7fb5d13cd07d2f5684b5a690	LOW_MAPPABILITY	6	chr22	50351566	50351617	51
phase2-window:sha256:d10dabf87da85069cd13184d2e6e8d29f503442d7fb5d13cd07d2f5684b5a690	LOW_MAPPABILITY	7	chr22	50352245	50354817	2572
phase2-window:sha256:d10dabf87da85069cd13184d2e6e8d29f503442d7fb5d13cd07d2f5684b5a690	LOW_MAPPABILITY	8	chr22	50354920	50355178	258
phase2-window:sha256:d10dabf87da85069cd13184d2e6e8d29f503442d7fb5d13cd07d2f5684b5a690	LOW_MAPPABILITY	9	chr22	50355300	50355962	662
phase2-window:sha256:d10dabf87da85069cd13184d2e6e8d29f503442d7fb5d13cd07d2f5684b5a690	LOW_MAPPABILITY	10	chr22	50355985	50356133	148
phase2-window:sha256:d10dabf87da85069cd13184d2e6e8d29f503442d7fb5d13cd07d2f5684b5a690	LOW_MAPPABILITY	11	chr22	50356150	50356254	104
phase2-window:sha256:d10dabf87da85069cd13184d2e6e8d29f503442d7fb5d13cd07d2f5684b5a690	LOW_MAPPABILITY	12	chr22	50356356	50358939	2583
phase2-window:sha256:d10dabf87da85069cd13184d2e6e8d29f503442d7fb5d13cd07d2f5684b5a690	LOW_MAPPABILITY	13	chr22	50359041	50360299	1258
phase2-window:sha256:d10dabf87da85069cd13184d2e6e8d29f503442d7fb5d13cd07d2f5684b5a690	LOW_MAPPABILITY	14	chr22	50360402	50364317	3915
phase2-window:sha256:c46e01bff7a3294fde28a134a380660fc36bc1078c8c07298f4afab8e63e2a76	LOW_MAPPABILITY	1	chr1	6651741	6651966	225
phase2-window:sha256:c46e01bff7a3294fde28a134a380660fc36bc1078c8c07298f4afab8e63e2a76	LOW_MAPPABILITY	2	chr1	6651988	6656049	4061
phase2-window:sha256:c46e01bff7a3294fde28a134a380660fc36bc1078c8c07298f4afab8e63e2a76	LOW_MAPPABILITY	3	chr1	6656196	6656680	484
phase2-window:sha256:c46e01bff7a3294fde28a134a380660fc36bc1078c8c07298f4afab8e63e2a76	LOW_MAPPABILITY	4	chr1	6656784	6657806	1022
phase2-window:sha256:c46e01bff7a3294fde28a134a380660fc36bc1078c8c07298f4afab8e63e2a76	LOW_MAPPABILITY	5	chr1	6657823	6659471	1648
phase2-window:sha256:c46e01bff7a3294fde28a134a380660fc36bc1078c8c07298f4afab8e63e2a76	LOW_MAPPABILITY	6	chr1	6660101	6662067	1966
phase2-window:sha256:c46e01bff7a3294fde28a134a380660fc36bc1078c8c07298f4afab8e63e2a76	LOW_MAPPABILITY	7	chr1	6662186	6664236	2050
phase2-window:sha256:c46e01bff7a3294fde28a134a380660fc36bc1078c8c07298f4afab8e63e2a76	LOW_MAPPABILITY	8	chr1	6664262	6666334	2072
phase2-window:sha256:c46e01bff7a3294fde28a134a380660fc36bc1078c8c07298f4afab8e63e2a76	LOW_MAPPABILITY	9	chr1	6666444	6671189	4745
phase2-window:sha256:c46e01bff7a3294fde28a134a380660fc36bc1078c8c07298f4afab8e63e2a76	LOW_MAPPABILITY	10	chr1	6672105	6673144	1039
phase2-window:sha256:c46e01bff7a3294fde28a134a380660fc36bc1078c8c07298f4afab8e63e2a76	LOW_MAPPABILITY	11	chr1	6673246	6676741	3495
phase2-window:sha256:c6e31ba96304e38fb52273154c0475a985e879c424b9c71fd3e458a5048efe34	LOW_MAPPABILITY	1	chr1	35361090	35365234	4144
phase2-window:sha256:c6e31ba96304e38fb52273154c0475a985e879c424b9c71fd3e458a5048efe34	LOW_MAPPABILITY	2	chr1	35365268	35368010	2742
phase2-window:sha256:c6e31ba96304e38fb52273154c0475a985e879c424b9c71fd3e458a5048efe34	LOW_MAPPABILITY	3	chr1	35368123	35370287	2164
phase2-window:sha256:c6e31ba96304e38fb52273154c0475a985e879c424b9c71fd3e458a5048efe34	LOW_MAPPABILITY	4	chr1	35370389	35370676	287
phase2-window:sha256:c6e31ba96304e38fb52273154c0475a985e879c424b9c71fd3e458a5048efe34	LOW_MAPPABILITY	5	chr1	35370783	35371011	228
phase2-window:sha256:c6e31ba96304e38fb52273154c0475a985e879c424b9c71fd3e458a5048efe34	LOW_MAPPABILITY	6	chr1	35371159	35373539	2380
phase2-window:sha256:c6e31ba96304e38fb52273154c0475a985e879c424b9c71fd3e458a5048efe34	LOW_MAPPABILITY	7	chr1	35373571	35373968	397
phase2-window:sha256:c6e31ba96304e38fb52273154c0475a985e879c424b9c71fd3e458a5048efe34	LOW_MAPPABILITY	8	chr1	35374070	35384790	10720
phase2-window:sha256:c6e31ba96304e38fb52273154c0475a985e879c424b9c71fd3e458a5048efe34	LOW_MAPPABILITY	9	chr1	35384892	35386090	1198
phase2-window:sha256:3520cac1500de6e7cf9d32eaae25dc83a290cdbc418cf173ace2b48bfe704a1b	LOW_MAPPABILITY	1	chr4	76519446	76522100	2654
phase2-window:sha256:3520cac1500de6e7cf9d32eaae25dc83a290cdbc418cf173ace2b48bfe704a1b	LOW_MAPPABILITY	2	chr4	76522216	76528273	6057
phase2-window:sha256:3520cac1500de6e7cf9d32eaae25dc83a290cdbc418cf173ace2b48bfe704a1b	LOW_MAPPABILITY	3	chr4	76528426	76528493	67
phase2-window:sha256:3520cac1500de6e7cf9d32eaae25dc83a290cdbc418cf173ace2b48bfe704a1b	LOW_MAPPABILITY	4	chr4	76528599	76531856	3257
phase2-window:sha256:3520cac1500de6e7cf9d32eaae25dc83a290cdbc418cf173ace2b48bfe704a1b	LOW_MAPPABILITY	5	chr4	76532116	76544356	12240
phase2-window:sha256:1b64de6a3e0c2b7e63e3b5505d9c6b111417399d8eb166293dd45f14af4a8da5	LOW_MAPPABILITY	1	chr12	68049567	68054250	4683
phase2-window:sha256:1b64de6a3e0c2b7e63e3b5505d9c6b111417399d8eb166293dd45f14af4a8da5	LOW_MAPPABILITY	2	chr12	68054301	68054374	73
phase2-window:sha256:1b64de6a3e0c2b7e63e3b5505d9c6b111417399d8eb166293dd45f14af4a8da5	LOW_MAPPABILITY	3	chr12	68054483	68070035	15552
phase2-window:sha256:1b64de6a3e0c2b7e63e3b5505d9c6b111417399d8eb166293dd45f14af4a8da5	LOW_MAPPABILITY	4	chr12	68070060	68074567	4507
phase2-window:sha256:a454c9bb933051d21d90d27467628b5216486a22b601e9364af8d38ab8461c6f	LOW_MAPPABILITY	1	chr6	52740477	52740965	488
phase2-window:sha256:a454c9bb933051d21d90d27467628b5216486a22b601e9364af8d38ab8461c6f	LOW_MAPPABILITY	2	chr6	52741012	52741433	421
phase2-window:sha256:a454c9bb933051d21d90d27467628b5216486a22b601e9364af8d38ab8461c6f	LOW_MAPPABILITY	3	chr6	52741458	52741887	429
phase2-window:sha256:a454c9bb933051d21d90d27467628b5216486a22b601e9364af8d38ab8461c6f	LOW_MAPPABILITY	4	chr6	52741904	52747244	5340
phase2-window:sha256:a454c9bb933051d21d90d27467628b5216486a22b601e9364af8d38ab8461c6f	LOW_MAPPABILITY	5	chr6	52747261	52748037	776
phase2-window:sha256:a454c9bb933051d21d90d27467628b5216486a22b601e9364af8d38ab8461c6f	LOW_MAPPABILITY	6	chr6	52748055	52749542	1487
phase2-window:sha256:a454c9bb933051d21d90d27467628b5216486a22b601e9364af8d38ab8461c6f	LOW_MAPPABILITY	7	chr6	52749562	52752873	3311
phase2-window:sha256:a454c9bb933051d21d90d27467628b5216486a22b601e9364af8d38ab8461c6f	LOW_MAPPABILITY	8	chr6	52752894	52755164	2270
phase2-window:sha256:a454c9bb933051d21d90d27467628b5216486a22b601e9364af8d38ab8461c6f	LOW_MAPPABILITY	9	chr6	52755267	52757245	1978
phase2-window:sha256:a454c9bb933051d21d90d27467628b5216486a22b601e9364af8d38ab8461c6f	LOW_MAPPABILITY	10	chr6	52757268	52759512	2244
phase2-window:sha256:a454c9bb933051d21d90d27467628b5216486a22b601e9364af8d38ab8461c6f	LOW_MAPPABILITY	11	chr6	52759624	52764854	5230
phase2-window:sha256:a454c9bb933051d21d90d27467628b5216486a22b601e9364af8d38ab8461c6f	LOW_MAPPABILITY	12	chr6	52764875	52765477	602
phase2-window:sha256:adc7fd407204d5a1c434cb00d78a43c74d7190b3d9d8ccb2f0431fd728bf9e78	SEGMENTAL_DUPLICATION	1	chr17	32104071	32105658	1587
phase2-window:sha256:adc7fd407204d5a1c434cb00d78a43c74d7190b3d9d8ccb2f0431fd728bf9e78	SEGMENTAL_DUPLICATION	2	chr17	32105704	32106184	480
phase2-window:sha256:adc7fd407204d5a1c434cb00d78a43c74d7190b3d9d8ccb2f0431fd728bf9e78	SEGMENTAL_DUPLICATION	3	chr17	32106202	32106481	279
phase2-window:sha256:adc7fd407204d5a1c434cb00d78a43c74d7190b3d9d8ccb2f0431fd728bf9e78	SEGMENTAL_DUPLICATION	4	chr17	32106498	32107748	1250
phase2-window:sha256:adc7fd407204d5a1c434cb00d78a43c74d7190b3d9d8ccb2f0431fd728bf9e78	SEGMENTAL_DUPLICATION	5	chr17	32107771	32107864	93
phase2-window:sha256:adc7fd407204d5a1c434cb00d78a43c74d7190b3d9d8ccb2f0431fd728bf9e78	SEGMENTAL_DUPLICATION	6	chr17	32107974	32108838	864
phase2-window:sha256:adc7fd407204d5a1c434cb00d78a43c74d7190b3d9d8ccb2f0431fd728bf9e78	SEGMENTAL_DUPLICATION	7	chr17	32108940	32109010	70
phase2-window:sha256:adc7fd407204d5a1c434cb00d78a43c74d7190b3d9d8ccb2f0431fd728bf9e78	SEGMENTAL_DUPLICATION	8	chr17	32109113	32109445	332
phase2-window:sha256:adc7fd407204d5a1c434cb00d78a43c74d7190b3d9d8ccb2f0431fd728bf9e78	SEGMENTAL_DUPLICATION	9	chr17	32109562	32109961	399
phase2-window:sha256:adc7fd407204d5a1c434cb00d78a43c74d7190b3d9d8ccb2f0431fd728bf9e78	SEGMENTAL_DUPLICATION	10	chr17	32110064	32110512	448
phase2-window:sha256:adc7fd407204d5a1c434cb00d78a43c74d7190b3d9d8ccb2f0431fd728bf9e78	SEGMENTAL_DUPLICATION	11	chr17	32110529	32113101	2572
phase2-window:sha256:adc7fd407204d5a1c434cb00d78a43c74d7190b3d9d8ccb2f0431fd728bf9e78	SEGMENTAL_DUPLICATION	12	chr17	32113143	32113558	415
phase2-window:sha256:adc7fd407204d5a1c434cb00d78a43c74d7190b3d9d8ccb2f0431fd728bf9e78	SEGMENTAL_DUPLICATION	13	chr17	32113577	32113902	325
phase2-window:sha256:adc7fd407204d5a1c434cb00d78a43c74d7190b3d9d8ccb2f0431fd728bf9e78	SEGMENTAL_DUPLICATION	14	chr17	32114043	32114446	403
phase2-window:sha256:adc7fd407204d5a1c434cb00d78a43c74d7190b3d9d8ccb2f0431fd728bf9e78	SEGMENTAL_DUPLICATION	15	chr17	32114549	32114664	115
phase2-window:sha256:adc7fd407204d5a1c434cb00d78a43c74d7190b3d9d8ccb2f0431fd728bf9e78	SEGMENTAL_DUPLICATION	16	chr17	32114693	32114983	290
phase2-window:sha256:adc7fd407204d5a1c434cb00d78a43c74d7190b3d9d8ccb2f0431fd728bf9e78	SEGMENTAL_DUPLICATION	17	chr17	32115005	32115238	233
phase2-window:sha256:adc7fd407204d5a1c434cb00d78a43c74d7190b3d9d8ccb2f0431fd728bf9e78	SEGMENTAL_DUPLICATION	18	chr17	32115278	32115502	224
phase2-window:sha256:adc7fd407204d5a1c434cb00d78a43c74d7190b3d9d8ccb2f0431fd728bf9e78	SEGMENTAL_DUPLICATION	19	chr17	32115605	32116392	787
phase2-window:sha256:adc7fd407204d5a1c434cb00d78a43c74d7190b3d9d8ccb2f0431fd728bf9e78	SEGMENTAL_DUPLICATION	20	chr17	32116495	32116722	227
phase2-window:sha256:adc7fd407204d5a1c434cb00d78a43c74d7190b3d9d8ccb2f0431fd728bf9e78	SEGMENTAL_DUPLICATION	21	chr17	32116741	32119468	2727
phase2-window:sha256:adc7fd407204d5a1c434cb00d78a43c74d7190b3d9d8ccb2f0431fd728bf9e78	SEGMENTAL_DUPLICATION	22	chr17	32119578	32123418	3840
phase2-window:sha256:adc7fd407204d5a1c434cb00d78a43c74d7190b3d9d8ccb2f0431fd728bf9e78	SEGMENTAL_DUPLICATION	23	chr17	32123892	32126971	3079
phase2-window:sha256:adc7fd407204d5a1c434cb00d78a43c74d7190b3d9d8ccb2f0431fd728bf9e78	SEGMENTAL_DUPLICATION	24	chr17	32127075	32127332	257
phase2-window:sha256:adc7fd407204d5a1c434cb00d78a43c74d7190b3d9d8ccb2f0431fd728bf9e78	SEGMENTAL_DUPLICATION	25	chr17	32127356	32128063	707
phase2-window:sha256:adc7fd407204d5a1c434cb00d78a43c74d7190b3d9d8ccb2f0431fd728bf9e78	SEGMENTAL_DUPLICATION	26	chr17	32128189	32128245	56
phase2-window:sha256:adc7fd407204d5a1c434cb00d78a43c74d7190b3d9d8ccb2f0431fd728bf9e78	SEGMENTAL_DUPLICATION	27	chr17	32128264	32128374	110
phase2-window:sha256:adc7fd407204d5a1c434cb00d78a43c74d7190b3d9d8ccb2f0431fd728bf9e78	SEGMENTAL_DUPLICATION	28	chr17	32128401	32128763	362
phase2-window:sha256:adc7fd407204d5a1c434cb00d78a43c74d7190b3d9d8ccb2f0431fd728bf9e78	SEGMENTAL_DUPLICATION	29	chr17	32128781	32129001	220
phase2-window:sha256:adc7fd407204d5a1c434cb00d78a43c74d7190b3d9d8ccb2f0431fd728bf9e78	SEGMENTAL_DUPLICATION	30	chr17	32129018	32129071	53
phase2-window:sha256:e00cedf109e5809c8ee228f99d7eeaae278179f131d331ebd4420d4758546c29	SEGMENTAL_DUPLICATION	1	chr8	24905740	24918166	12426
phase2-window:sha256:e00cedf109e5809c8ee228f99d7eeaae278179f131d331ebd4420d4758546c29	SEGMENTAL_DUPLICATION	2	chr8	24918223	24921392	3169
phase2-window:sha256:e00cedf109e5809c8ee228f99d7eeaae278179f131d331ebd4420d4758546c29	SEGMENTAL_DUPLICATION	3	chr8	24921754	24924662	2908
phase2-window:sha256:e00cedf109e5809c8ee228f99d7eeaae278179f131d331ebd4420d4758546c29	SEGMENTAL_DUPLICATION	4	chr8	24924765	24930740	5975
phase2-window:sha256:0b91aa771aac98b03bba44d233bd1545ca47b2640ef9ae7525cbdc54b00e4a60	SEGMENTAL_DUPLICATION	1	chr13	46258612	46264611	5999
phase2-window:sha256:0b91aa771aac98b03bba44d233bd1545ca47b2640ef9ae7525cbdc54b00e4a60	SEGMENTAL_DUPLICATION	2	chr13	46264637	46269161	4524
phase2-window:sha256:0b91aa771aac98b03bba44d233bd1545ca47b2640ef9ae7525cbdc54b00e4a60	SEGMENTAL_DUPLICATION	3	chr13	46269263	46269779	516
phase2-window:sha256:0b91aa771aac98b03bba44d233bd1545ca47b2640ef9ae7525cbdc54b00e4a60	SEGMENTAL_DUPLICATION	4	chr13	46269957	46271000	1043
phase2-window:sha256:0b91aa771aac98b03bba44d233bd1545ca47b2640ef9ae7525cbdc54b00e4a60	SEGMENTAL_DUPLICATION	5	chr13	46278000	46283612	5612
phase2-window:sha256:e156a2ea6ac3f0c78d4bc8ce14f3501136f1e8d31ef8f66fc665ed3f04e7971e	SEGMENTAL_DUPLICATION	1	chr15	101721698	101722166	468
phase2-window:sha256:e156a2ea6ac3f0c78d4bc8ce14f3501136f1e8d31ef8f66fc665ed3f04e7971e	SEGMENTAL_DUPLICATION	2	chr15	101722269	101722459	190
phase2-window:sha256:e156a2ea6ac3f0c78d4bc8ce14f3501136f1e8d31ef8f66fc665ed3f04e7971e	SEGMENTAL_DUPLICATION	3	chr15	101722693	101723682	989
phase2-window:sha256:e156a2ea6ac3f0c78d4bc8ce14f3501136f1e8d31ef8f66fc665ed3f04e7971e	SEGMENTAL_DUPLICATION	4	chr15	101723700	101723936	236
phase2-window:sha256:e156a2ea6ac3f0c78d4bc8ce14f3501136f1e8d31ef8f66fc665ed3f04e7971e	SEGMENTAL_DUPLICATION	5	chr15	101723986	101724523	537
phase2-window:sha256:e156a2ea6ac3f0c78d4bc8ce14f3501136f1e8d31ef8f66fc665ed3f04e7971e	SEGMENTAL_DUPLICATION	6	chr15	101724683	101727368	2685
phase2-window:sha256:e156a2ea6ac3f0c78d4bc8ce14f3501136f1e8d31ef8f66fc665ed3f04e7971e	SEGMENTAL_DUPLICATION	7	chr15	101727385	101728548	1163
phase2-window:sha256:e156a2ea6ac3f0c78d4bc8ce14f3501136f1e8d31ef8f66fc665ed3f04e7971e	SEGMENTAL_DUPLICATION	8	chr15	101728651	101729083	432
phase2-window:sha256:e156a2ea6ac3f0c78d4bc8ce14f3501136f1e8d31ef8f66fc665ed3f04e7971e	SEGMENTAL_DUPLICATION	9	chr15	101729100	101729385	285
phase2-window:sha256:e156a2ea6ac3f0c78d4bc8ce14f3501136f1e8d31ef8f66fc665ed3f04e7971e	SEGMENTAL_DUPLICATION	10	chr15	101729402	101729713	311
phase2-window:sha256:e156a2ea6ac3f0c78d4bc8ce14f3501136f1e8d31ef8f66fc665ed3f04e7971e	SEGMENTAL_DUPLICATION	11	chr15	101729815	101730287	472
phase2-window:sha256:e156a2ea6ac3f0c78d4bc8ce14f3501136f1e8d31ef8f66fc665ed3f04e7971e	SEGMENTAL_DUPLICATION	12	chr15	101730647	101732611	1964
phase2-window:sha256:e156a2ea6ac3f0c78d4bc8ce14f3501136f1e8d31ef8f66fc665ed3f04e7971e	SEGMENTAL_DUPLICATION	13	chr15	101732641	101734177	1536
phase2-window:sha256:e156a2ea6ac3f0c78d4bc8ce14f3501136f1e8d31ef8f66fc665ed3f04e7971e	SEGMENTAL_DUPLICATION	14	chr15	101734194	101734258	64
phase2-window:sha256:e156a2ea6ac3f0c78d4bc8ce14f3501136f1e8d31ef8f66fc665ed3f04e7971e	SEGMENTAL_DUPLICATION	15	chr15	101734275	101735506	1231
phase2-window:sha256:e156a2ea6ac3f0c78d4bc8ce14f3501136f1e8d31ef8f66fc665ed3f04e7971e	SEGMENTAL_DUPLICATION	16	chr15	101735614	101736165	551
phase2-window:sha256:e156a2ea6ac3f0c78d4bc8ce14f3501136f1e8d31ef8f66fc665ed3f04e7971e	SEGMENTAL_DUPLICATION	17	chr15	101736267	101736627	360
phase2-window:sha256:e156a2ea6ac3f0c78d4bc8ce14f3501136f1e8d31ef8f66fc665ed3f04e7971e	SEGMENTAL_DUPLICATION	18	chr15	101736729	101736801	72
phase2-window:sha256:e156a2ea6ac3f0c78d4bc8ce14f3501136f1e8d31ef8f66fc665ed3f04e7971e	SEGMENTAL_DUPLICATION	19	chr15	101736827	101737476	649
phase2-window:sha256:e156a2ea6ac3f0c78d4bc8ce14f3501136f1e8d31ef8f66fc665ed3f04e7971e	SEGMENTAL_DUPLICATION	20	chr15	101737493	101738626	1133
phase2-window:sha256:e156a2ea6ac3f0c78d4bc8ce14f3501136f1e8d31ef8f66fc665ed3f04e7971e	SEGMENTAL_DUPLICATION	21	chr15	101738651	101738795	144
phase2-window:sha256:e156a2ea6ac3f0c78d4bc8ce14f3501136f1e8d31ef8f66fc665ed3f04e7971e	SEGMENTAL_DUPLICATION	22	chr15	101738826	101739018	192
phase2-window:sha256:e156a2ea6ac3f0c78d4bc8ce14f3501136f1e8d31ef8f66fc665ed3f04e7971e	SEGMENTAL_DUPLICATION	23	chr15	101739124	101739791	667
phase2-window:sha256:e156a2ea6ac3f0c78d4bc8ce14f3501136f1e8d31ef8f66fc665ed3f04e7971e	SEGMENTAL_DUPLICATION	24	chr15	101739812	101739998	186
phase2-window:sha256:e156a2ea6ac3f0c78d4bc8ce14f3501136f1e8d31ef8f66fc665ed3f04e7971e	SEGMENTAL_DUPLICATION	25	chr15	101740141	101740546	405
phase2-window:sha256:e156a2ea6ac3f0c78d4bc8ce14f3501136f1e8d31ef8f66fc665ed3f04e7971e	SEGMENTAL_DUPLICATION	26	chr15	101740650	101741410	760
phase2-window:sha256:e156a2ea6ac3f0c78d4bc8ce14f3501136f1e8d31ef8f66fc665ed3f04e7971e	SEGMENTAL_DUPLICATION	27	chr15	101741427	101741700	273
phase2-window:sha256:e156a2ea6ac3f0c78d4bc8ce14f3501136f1e8d31ef8f66fc665ed3f04e7971e	SEGMENTAL_DUPLICATION	28	chr15	101741719	101742003	284
phase2-window:sha256:e156a2ea6ac3f0c78d4bc8ce14f3501136f1e8d31ef8f66fc665ed3f04e7971e	SEGMENTAL_DUPLICATION	29	chr15	101742021	101743255	1234
phase2-window:sha256:e156a2ea6ac3f0c78d4bc8ce14f3501136f1e8d31ef8f66fc665ed3f04e7971e	SEGMENTAL_DUPLICATION	30	chr15	101743362	101743434	72
phase2-window:sha256:e156a2ea6ac3f0c78d4bc8ce14f3501136f1e8d31ef8f66fc665ed3f04e7971e	SEGMENTAL_DUPLICATION	31	chr15	101743695	101744134	439
phase2-window:sha256:e156a2ea6ac3f0c78d4bc8ce14f3501136f1e8d31ef8f66fc665ed3f04e7971e	SEGMENTAL_DUPLICATION	32	chr15	101744236	101744762	526
phase2-window:sha256:e156a2ea6ac3f0c78d4bc8ce14f3501136f1e8d31ef8f66fc665ed3f04e7971e	SEGMENTAL_DUPLICATION	33	chr15	101744808	101745064	256
phase2-window:sha256:e156a2ea6ac3f0c78d4bc8ce14f3501136f1e8d31ef8f66fc665ed3f04e7971e	SEGMENTAL_DUPLICATION	34	chr15	101745233	101745536	303
phase2-window:sha256:e156a2ea6ac3f0c78d4bc8ce14f3501136f1e8d31ef8f66fc665ed3f04e7971e	SEGMENTAL_DUPLICATION	35	chr15	101745560	101745743	183
phase2-window:sha256:e156a2ea6ac3f0c78d4bc8ce14f3501136f1e8d31ef8f66fc665ed3f04e7971e	SEGMENTAL_DUPLICATION	36	chr15	101745793	101746244	451
phase2-window:sha256:168d51b55ac6e7f8f485797e097f9f0ca536eaf31692b9a7d6fb4304740166ef	SEGMENTAL_DUPLICATION	1	chr4	75866912	75868264	1352
phase2-window:sha256:168d51b55ac6e7f8f485797e097f9f0ca536eaf31692b9a7d6fb4304740166ef	SEGMENTAL_DUPLICATION	2	chr4	75868384	75870827	2443
phase2-window:sha256:168d51b55ac6e7f8f485797e097f9f0ca536eaf31692b9a7d6fb4304740166ef	SEGMENTAL_DUPLICATION	3	chr4	75870939	75874080	3141
phase2-window:sha256:168d51b55ac6e7f8f485797e097f9f0ca536eaf31692b9a7d6fb4304740166ef	SEGMENTAL_DUPLICATION	4	chr4	75874182	75876936	2754
phase2-window:sha256:168d51b55ac6e7f8f485797e097f9f0ca536eaf31692b9a7d6fb4304740166ef	SEGMENTAL_DUPLICATION	5	chr4	75877111	75877286	175
phase2-window:sha256:168d51b55ac6e7f8f485797e097f9f0ca536eaf31692b9a7d6fb4304740166ef	SEGMENTAL_DUPLICATION	6	chr4	75877460	75879525	2065
phase2-window:sha256:168d51b55ac6e7f8f485797e097f9f0ca536eaf31692b9a7d6fb4304740166ef	SEGMENTAL_DUPLICATION	7	chr4	75879627	75879787	160
phase2-window:sha256:168d51b55ac6e7f8f485797e097f9f0ca536eaf31692b9a7d6fb4304740166ef	SEGMENTAL_DUPLICATION	8	chr4	75879889	75880767	878
phase2-window:sha256:168d51b55ac6e7f8f485797e097f9f0ca536eaf31692b9a7d6fb4304740166ef	SEGMENTAL_DUPLICATION	9	chr4	75880869	75883517	2648
phase2-window:sha256:168d51b55ac6e7f8f485797e097f9f0ca536eaf31692b9a7d6fb4304740166ef	SEGMENTAL_DUPLICATION	10	chr4	75884165	75884373	208
phase2-window:sha256:168d51b55ac6e7f8f485797e097f9f0ca536eaf31692b9a7d6fb4304740166ef	SEGMENTAL_DUPLICATION	11	chr4	75884529	75885588	1059
phase2-window:sha256:168d51b55ac6e7f8f485797e097f9f0ca536eaf31692b9a7d6fb4304740166ef	SEGMENTAL_DUPLICATION	12	chr4	75885868	75885958	90
phase2-window:sha256:168d51b55ac6e7f8f485797e097f9f0ca536eaf31692b9a7d6fb4304740166ef	SEGMENTAL_DUPLICATION	13	chr4	75887000	75887569	569
phase2-window:sha256:168d51b55ac6e7f8f485797e097f9f0ca536eaf31692b9a7d6fb4304740166ef	SEGMENTAL_DUPLICATION	14	chr4	75887674	75891912	4238
phase2-window:sha256:29cb932b6bd230c5b2ad83e73b7bafae50bc27dfcf1f4d58711bb2b8716aa60b	SEGMENTAL_DUPLICATION	1	chr7	5114664	5115079	415
phase2-window:sha256:29cb932b6bd230c5b2ad83e73b7bafae50bc27dfcf1f4d58711bb2b8716aa60b	SEGMENTAL_DUPLICATION	2	chr7	5115228	5115580	352
phase2-window:sha256:29cb932b6bd230c5b2ad83e73b7bafae50bc27dfcf1f4d58711bb2b8716aa60b	SEGMENTAL_DUPLICATION	3	chr7	5115683	5119567	3884
phase2-window:sha256:29cb932b6bd230c5b2ad83e73b7bafae50bc27dfcf1f4d58711bb2b8716aa60b	SEGMENTAL_DUPLICATION	4	chr7	5119671	5120203	532
phase2-window:sha256:29cb932b6bd230c5b2ad83e73b7bafae50bc27dfcf1f4d58711bb2b8716aa60b	SEGMENTAL_DUPLICATION	5	chr7	5120224	5120345	121
phase2-window:sha256:29cb932b6bd230c5b2ad83e73b7bafae50bc27dfcf1f4d58711bb2b8716aa60b	SEGMENTAL_DUPLICATION	6	chr7	5120369	5120512	143
phase2-window:sha256:29cb932b6bd230c5b2ad83e73b7bafae50bc27dfcf1f4d58711bb2b8716aa60b	SEGMENTAL_DUPLICATION	7	chr7	5120533	5120628	95
phase2-window:sha256:29cb932b6bd230c5b2ad83e73b7bafae50bc27dfcf1f4d58711bb2b8716aa60b	SEGMENTAL_DUPLICATION	8	chr7	5120731	5121470	739
phase2-window:sha256:29cb932b6bd230c5b2ad83e73b7bafae50bc27dfcf1f4d58711bb2b8716aa60b	SEGMENTAL_DUPLICATION	9	chr7	5121572	5122084	512
phase2-window:sha256:29cb932b6bd230c5b2ad83e73b7bafae50bc27dfcf1f4d58711bb2b8716aa60b	SEGMENTAL_DUPLICATION	10	chr7	5122101	5122176	75
phase2-window:sha256:29cb932b6bd230c5b2ad83e73b7bafae50bc27dfcf1f4d58711bb2b8716aa60b	SEGMENTAL_DUPLICATION	11	chr7	5122279	5123894	1615
phase2-window:sha256:29cb932b6bd230c5b2ad83e73b7bafae50bc27dfcf1f4d58711bb2b8716aa60b	SEGMENTAL_DUPLICATION	12	chr7	5124582	5124701	119
phase2-window:sha256:29cb932b6bd230c5b2ad83e73b7bafae50bc27dfcf1f4d58711bb2b8716aa60b	SEGMENTAL_DUPLICATION	13	chr7	5124733	5125357	624
phase2-window:sha256:29cb932b6bd230c5b2ad83e73b7bafae50bc27dfcf1f4d58711bb2b8716aa60b	SEGMENTAL_DUPLICATION	14	chr7	5125460	5125544	84
phase2-window:sha256:29cb932b6bd230c5b2ad83e73b7bafae50bc27dfcf1f4d58711bb2b8716aa60b	SEGMENTAL_DUPLICATION	15	chr7	5125647	5126735	1088
phase2-window:sha256:29cb932b6bd230c5b2ad83e73b7bafae50bc27dfcf1f4d58711bb2b8716aa60b	SEGMENTAL_DUPLICATION	16	chr7	5126756	5127280	524
phase2-window:sha256:29cb932b6bd230c5b2ad83e73b7bafae50bc27dfcf1f4d58711bb2b8716aa60b	SEGMENTAL_DUPLICATION	17	chr7	5127297	5127873	576
phase2-window:sha256:29cb932b6bd230c5b2ad83e73b7bafae50bc27dfcf1f4d58711bb2b8716aa60b	SEGMENTAL_DUPLICATION	18	chr7	5127976	5128163	187
phase2-window:sha256:29cb932b6bd230c5b2ad83e73b7bafae50bc27dfcf1f4d58711bb2b8716aa60b	SEGMENTAL_DUPLICATION	19	chr7	5128273	5128594	321
phase2-window:sha256:29cb932b6bd230c5b2ad83e73b7bafae50bc27dfcf1f4d58711bb2b8716aa60b	SEGMENTAL_DUPLICATION	20	chr7	5128611	5128859	248
phase2-window:sha256:29cb932b6bd230c5b2ad83e73b7bafae50bc27dfcf1f4d58711bb2b8716aa60b	SEGMENTAL_DUPLICATION	21	chr7	5129126	5129514	388
phase2-window:sha256:29cb932b6bd230c5b2ad83e73b7bafae50bc27dfcf1f4d58711bb2b8716aa60b	SEGMENTAL_DUPLICATION	22	chr7	5129627	5130266	639
phase2-window:sha256:29cb932b6bd230c5b2ad83e73b7bafae50bc27dfcf1f4d58711bb2b8716aa60b	SEGMENTAL_DUPLICATION	23	chr7	5130501	5130679	178
phase2-window:sha256:29cb932b6bd230c5b2ad83e73b7bafae50bc27dfcf1f4d58711bb2b8716aa60b	SEGMENTAL_DUPLICATION	24	chr7	5130782	5131120	338
phase2-window:sha256:29cb932b6bd230c5b2ad83e73b7bafae50bc27dfcf1f4d58711bb2b8716aa60b	SEGMENTAL_DUPLICATION	25	chr7	5131230	5131878	648
phase2-window:sha256:29cb932b6bd230c5b2ad83e73b7bafae50bc27dfcf1f4d58711bb2b8716aa60b	SEGMENTAL_DUPLICATION	26	chr7	5132144	5132687	543
phase2-window:sha256:29cb932b6bd230c5b2ad83e73b7bafae50bc27dfcf1f4d58711bb2b8716aa60b	SEGMENTAL_DUPLICATION	27	chr7	5132714	5132815	101
phase2-window:sha256:29cb932b6bd230c5b2ad83e73b7bafae50bc27dfcf1f4d58711bb2b8716aa60b	SEGMENTAL_DUPLICATION	28	chr7	5133144	5134035	891
phase2-window:sha256:29cb932b6bd230c5b2ad83e73b7bafae50bc27dfcf1f4d58711bb2b8716aa60b	SEGMENTAL_DUPLICATION	29	chr7	5134057	5134170	113
phase2-window:sha256:29cb932b6bd230c5b2ad83e73b7bafae50bc27dfcf1f4d58711bb2b8716aa60b	SEGMENTAL_DUPLICATION	30	chr7	5137064	5137818	754
phase2-window:sha256:29cb932b6bd230c5b2ad83e73b7bafae50bc27dfcf1f4d58711bb2b8716aa60b	SEGMENTAL_DUPLICATION	31	chr7	5137921	5138168	247
phase2-window:sha256:29cb932b6bd230c5b2ad83e73b7bafae50bc27dfcf1f4d58711bb2b8716aa60b	SEGMENTAL_DUPLICATION	32	chr7	5138335	5138703	368
phase2-window:sha256:29cb932b6bd230c5b2ad83e73b7bafae50bc27dfcf1f4d58711bb2b8716aa60b	SEGMENTAL_DUPLICATION	33	chr7	5138724	5138818	94
phase2-window:sha256:29cb932b6bd230c5b2ad83e73b7bafae50bc27dfcf1f4d58711bb2b8716aa60b	SEGMENTAL_DUPLICATION	34	chr7	5138968	5139019	51
phase2-window:sha256:29cb932b6bd230c5b2ad83e73b7bafae50bc27dfcf1f4d58711bb2b8716aa60b	SEGMENTAL_DUPLICATION	35	chr7	5139036	5139175	139
phase2-window:sha256:29cb932b6bd230c5b2ad83e73b7bafae50bc27dfcf1f4d58711bb2b8716aa60b	SEGMENTAL_DUPLICATION	36	chr7	5139218	5139546	328
phase2-window:sha256:c9ca2afecbef883ff658bfa2411080bc1ccdd6273188655f8fb7494a9e7305ed	SEGMENTAL_DUPLICATION	1	chr15	66988060	66991429	3369
phase2-window:sha256:c9ca2afecbef883ff658bfa2411080bc1ccdd6273188655f8fb7494a9e7305ed	SEGMENTAL_DUPLICATION	2	chr15	66991595	66993246	1651
phase2-window:sha256:c9ca2afecbef883ff658bfa2411080bc1ccdd6273188655f8fb7494a9e7305ed	SEGMENTAL_DUPLICATION	3	chr15	66993432	66994796	1364
phase2-window:sha256:c9ca2afecbef883ff658bfa2411080bc1ccdd6273188655f8fb7494a9e7305ed	SEGMENTAL_DUPLICATION	4	chr15	66994945	66997801	2856
phase2-window:sha256:c9ca2afecbef883ff658bfa2411080bc1ccdd6273188655f8fb7494a9e7305ed	SEGMENTAL_DUPLICATION	5	chr15	66997818	66998989	1171
phase2-window:sha256:c9ca2afecbef883ff658bfa2411080bc1ccdd6273188655f8fb7494a9e7305ed	SEGMENTAL_DUPLICATION	6	chr15	66999006	66999155	149
phase2-window:sha256:c9ca2afecbef883ff658bfa2411080bc1ccdd6273188655f8fb7494a9e7305ed	SEGMENTAL_DUPLICATION	7	chr15	66999259	66999630	371
phase2-window:sha256:c9ca2afecbef883ff658bfa2411080bc1ccdd6273188655f8fb7494a9e7305ed	SEGMENTAL_DUPLICATION	8	chr15	66999647	66999939	292
phase2-window:sha256:c9ca2afecbef883ff658bfa2411080bc1ccdd6273188655f8fb7494a9e7305ed	SEGMENTAL_DUPLICATION	9	chr15	67000041	67000655	614
phase2-window:sha256:c9ca2afecbef883ff658bfa2411080bc1ccdd6273188655f8fb7494a9e7305ed	SEGMENTAL_DUPLICATION	10	chr15	67000757	67001762	1005
phase2-window:sha256:c9ca2afecbef883ff658bfa2411080bc1ccdd6273188655f8fb7494a9e7305ed	SEGMENTAL_DUPLICATION	11	chr15	67001906	67002168	262
phase2-window:sha256:c9ca2afecbef883ff658bfa2411080bc1ccdd6273188655f8fb7494a9e7305ed	SEGMENTAL_DUPLICATION	12	chr15	67002270	67002357	87
phase2-window:sha256:c9ca2afecbef883ff658bfa2411080bc1ccdd6273188655f8fb7494a9e7305ed	SEGMENTAL_DUPLICATION	13	chr15	67002675	67002737	62
phase2-window:sha256:c9ca2afecbef883ff658bfa2411080bc1ccdd6273188655f8fb7494a9e7305ed	SEGMENTAL_DUPLICATION	14	chr15	67002840	67003477	637
phase2-window:sha256:c9ca2afecbef883ff658bfa2411080bc1ccdd6273188655f8fb7494a9e7305ed	SEGMENTAL_DUPLICATION	15	chr15	67003579	67005356	1777
phase2-window:sha256:c9ca2afecbef883ff658bfa2411080bc1ccdd6273188655f8fb7494a9e7305ed	SEGMENTAL_DUPLICATION	16	chr15	67005381	67007884	2503
phase2-window:sha256:c9ca2afecbef883ff658bfa2411080bc1ccdd6273188655f8fb7494a9e7305ed	SEGMENTAL_DUPLICATION	17	chr15	67007986	67009438	1452
phase2-window:sha256:c9ca2afecbef883ff658bfa2411080bc1ccdd6273188655f8fb7494a9e7305ed	SEGMENTAL_DUPLICATION	18	chr15	67009456	67012477	3021
phase2-window:sha256:c9ca2afecbef883ff658bfa2411080bc1ccdd6273188655f8fb7494a9e7305ed	SEGMENTAL_DUPLICATION	19	chr15	67012580	67013060	480
phase2-window:sha256:8f6cb3de79a57dcc93dcce00aadb4500031edcf2df25669874668de91375bfaf	SEGMENTAL_DUPLICATION	1	chr5	141089929	141090385	456
phase2-window:sha256:8f6cb3de79a57dcc93dcce00aadb4500031edcf2df25669874668de91375bfaf	SEGMENTAL_DUPLICATION	2	chr5	141090488	141092628	2140
phase2-window:sha256:8f6cb3de79a57dcc93dcce00aadb4500031edcf2df25669874668de91375bfaf	SEGMENTAL_DUPLICATION	3	chr5	141092730	141092930	200
phase2-window:sha256:8f6cb3de79a57dcc93dcce00aadb4500031edcf2df25669874668de91375bfaf	SEGMENTAL_DUPLICATION	4	chr5	141093021	141093162	141
phase2-window:sha256:8f6cb3de79a57dcc93dcce00aadb4500031edcf2df25669874668de91375bfaf	SEGMENTAL_DUPLICATION	5	chr5	141093180	141094283	1103
phase2-window:sha256:8f6cb3de79a57dcc93dcce00aadb4500031edcf2df25669874668de91375bfaf	SEGMENTAL_DUPLICATION	6	chr5	141094386	141095000	614
phase2-window:sha256:8f6cb3de79a57dcc93dcce00aadb4500031edcf2df25669874668de91375bfaf	SEGMENTAL_DUPLICATION	7	chr5	141095018	141097332	2314
phase2-window:sha256:8f6cb3de79a57dcc93dcce00aadb4500031edcf2df25669874668de91375bfaf	SEGMENTAL_DUPLICATION	8	chr5	141097349	141097645	296
phase2-window:sha256:8f6cb3de79a57dcc93dcce00aadb4500031edcf2df25669874668de91375bfaf	SEGMENTAL_DUPLICATION	9	chr5	141097748	141098214	466
phase2-window:sha256:8f6cb3de79a57dcc93dcce00aadb4500031edcf2df25669874668de91375bfaf	SEGMENTAL_DUPLICATION	10	chr5	141098261	141098462	201
phase2-window:sha256:8f6cb3de79a57dcc93dcce00aadb4500031edcf2df25669874668de91375bfaf	SEGMENTAL_DUPLICATION	11	chr5	141098479	141099991	1512
phase2-window:sha256:8f6cb3de79a57dcc93dcce00aadb4500031edcf2df25669874668de91375bfaf	SEGMENTAL_DUPLICATION	12	chr5	141100012	141100077	65
phase2-window:sha256:8f6cb3de79a57dcc93dcce00aadb4500031edcf2df25669874668de91375bfaf	SEGMENTAL_DUPLICATION	13	chr5	141100100	141103354	3254
phase2-window:sha256:8f6cb3de79a57dcc93dcce00aadb4500031edcf2df25669874668de91375bfaf	SEGMENTAL_DUPLICATION	14	chr5	141103374	141103964	590
phase2-window:sha256:8f6cb3de79a57dcc93dcce00aadb4500031edcf2df25669874668de91375bfaf	SEGMENTAL_DUPLICATION	15	chr5	141104070	141104377	307
phase2-window:sha256:8f6cb3de79a57dcc93dcce00aadb4500031edcf2df25669874668de91375bfaf	SEGMENTAL_DUPLICATION	16	chr5	141104399	141104635	236
phase2-window:sha256:8f6cb3de79a57dcc93dcce00aadb4500031edcf2df25669874668de91375bfaf	SEGMENTAL_DUPLICATION	17	chr5	141104657	141104932	275
phase2-window:sha256:8f6cb3de79a57dcc93dcce00aadb4500031edcf2df25669874668de91375bfaf	SEGMENTAL_DUPLICATION	18	chr5	141104950	141106607	1657
phase2-window:sha256:8f6cb3de79a57dcc93dcce00aadb4500031edcf2df25669874668de91375bfaf	SEGMENTAL_DUPLICATION	19	chr5	141106624	141107899	1275
phase2-window:sha256:8f6cb3de79a57dcc93dcce00aadb4500031edcf2df25669874668de91375bfaf	SEGMENTAL_DUPLICATION	20	chr5	141108006	141108375	369
phase2-window:sha256:8f6cb3de79a57dcc93dcce00aadb4500031edcf2df25669874668de91375bfaf	SEGMENTAL_DUPLICATION	21	chr5	141108396	141108757	361
phase2-window:sha256:8f6cb3de79a57dcc93dcce00aadb4500031edcf2df25669874668de91375bfaf	SEGMENTAL_DUPLICATION	22	chr5	141108778	141110776	1998
phase2-window:sha256:8f6cb3de79a57dcc93dcce00aadb4500031edcf2df25669874668de91375bfaf	SEGMENTAL_DUPLICATION	23	chr5	141110924	141111366	442
phase2-window:sha256:8f6cb3de79a57dcc93dcce00aadb4500031edcf2df25669874668de91375bfaf	SEGMENTAL_DUPLICATION	24	chr5	141111387	141112125	738
phase2-window:sha256:8f6cb3de79a57dcc93dcce00aadb4500031edcf2df25669874668de91375bfaf	SEGMENTAL_DUPLICATION	25	chr5	141112142	141112782	640
phase2-window:sha256:8f6cb3de79a57dcc93dcce00aadb4500031edcf2df25669874668de91375bfaf	SEGMENTAL_DUPLICATION	26	chr5	141112799	141113967	1168
phase2-window:sha256:8f6cb3de79a57dcc93dcce00aadb4500031edcf2df25669874668de91375bfaf	SEGMENTAL_DUPLICATION	27	chr5	141113984	141114266	282
phase2-window:sha256:8f6cb3de79a57dcc93dcce00aadb4500031edcf2df25669874668de91375bfaf	SEGMENTAL_DUPLICATION	28	chr5	141114368	141114929	561
phase2-window:sha256:2beadb2b859c2f87f5b408367c890dc5155219cdcd2af727dc5c7865c5929c85	SEGMENTAL_DUPLICATION	1	chr7	87895280	87898785	3505
phase2-window:sha256:2beadb2b859c2f87f5b408367c890dc5155219cdcd2af727dc5c7865c5929c85	SEGMENTAL_DUPLICATION	2	chr7	87898813	87903638	4825
phase2-window:sha256:2beadb2b859c2f87f5b408367c890dc5155219cdcd2af727dc5c7865c5929c85	SEGMENTAL_DUPLICATION	3	chr7	87903741	87905949	2208
phase2-window:sha256:2beadb2b859c2f87f5b408367c890dc5155219cdcd2af727dc5c7865c5929c85	SEGMENTAL_DUPLICATION	4	chr7	87906051	87907349	1298
phase2-window:sha256:2beadb2b859c2f87f5b408367c890dc5155219cdcd2af727dc5c7865c5929c85	SEGMENTAL_DUPLICATION	5	chr7	87907366	87910010	2644
phase2-window:sha256:2beadb2b859c2f87f5b408367c890dc5155219cdcd2af727dc5c7865c5929c85	SEGMENTAL_DUPLICATION	6	chr7	87910113	87914415	4302
phase2-window:sha256:2beadb2b859c2f87f5b408367c890dc5155219cdcd2af727dc5c7865c5929c85	SEGMENTAL_DUPLICATION	7	chr7	87914517	87920280	5763
phase2-window:sha256:0d436184c22c8e197f406d60a08ec6cc07a57277ffc5247ae276cd7aa7224a17	SEGMENTAL_DUPLICATION	1	chr19	53269704	53269777	73
phase2-window:sha256:0d436184c22c8e197f406d60a08ec6cc07a57277ffc5247ae276cd7aa7224a17	SEGMENTAL_DUPLICATION	2	chr19	53270313	53270646	333
phase2-window:sha256:0d436184c22c8e197f406d60a08ec6cc07a57277ffc5247ae276cd7aa7224a17	SEGMENTAL_DUPLICATION	3	chr19	53270788	53273207	2419
phase2-window:sha256:0d436184c22c8e197f406d60a08ec6cc07a57277ffc5247ae276cd7aa7224a17	SEGMENTAL_DUPLICATION	4	chr19	53273254	53278165	4911
phase2-window:sha256:0d436184c22c8e197f406d60a08ec6cc07a57277ffc5247ae276cd7aa7224a17	SEGMENTAL_DUPLICATION	5	chr19	53278267	53278509	242
phase2-window:sha256:0d436184c22c8e197f406d60a08ec6cc07a57277ffc5247ae276cd7aa7224a17	SEGMENTAL_DUPLICATION	6	chr19	53278527	53278672	145
phase2-window:sha256:0d436184c22c8e197f406d60a08ec6cc07a57277ffc5247ae276cd7aa7224a17	SEGMENTAL_DUPLICATION	7	chr19	53278691	53280356	1665
phase2-window:sha256:0d436184c22c8e197f406d60a08ec6cc07a57277ffc5247ae276cd7aa7224a17	SEGMENTAL_DUPLICATION	8	chr19	53280458	53282596	2138
phase2-window:sha256:0d436184c22c8e197f406d60a08ec6cc07a57277ffc5247ae276cd7aa7224a17	SEGMENTAL_DUPLICATION	9	chr19	53282618	53282707	89
phase2-window:sha256:0d436184c22c8e197f406d60a08ec6cc07a57277ffc5247ae276cd7aa7224a17	SEGMENTAL_DUPLICATION	10	chr19	53282814	53283043	229
phase2-window:sha256:0d436184c22c8e197f406d60a08ec6cc07a57277ffc5247ae276cd7aa7224a17	SEGMENTAL_DUPLICATION	11	chr19	53283145	53285390	2245
phase2-window:sha256:0d436184c22c8e197f406d60a08ec6cc07a57277ffc5247ae276cd7aa7224a17	SEGMENTAL_DUPLICATION	12	chr19	53285492	53286888	1396
phase2-window:sha256:0d436184c22c8e197f406d60a08ec6cc07a57277ffc5247ae276cd7aa7224a17	SEGMENTAL_DUPLICATION	13	chr19	53287017	53287374	357
phase2-window:sha256:0d436184c22c8e197f406d60a08ec6cc07a57277ffc5247ae276cd7aa7224a17	SEGMENTAL_DUPLICATION	14	chr19	53287555	53293168	5613
phase2-window:sha256:0d436184c22c8e197f406d60a08ec6cc07a57277ffc5247ae276cd7aa7224a17	SEGMENTAL_DUPLICATION	15	chr19	53293271	53294704	1433
