window_id	context_id	selection_rank	chromosome_selection_rank	selection_hash	chromosome	nominal_start_0based	nominal_end_0based	nominal_length_bp	assessable_bp	assessable_segment_count	assessable_segments_json	source_anchor_start_0based	source_anchor_end_0based	source_anchor_midpoint_0based	source_context_bed_sha256	overlapping_context_ids	context_overlap_bp_json
phase2-window:sha256:e4b1f8473b1f8579a1535d071128e407cd1b2b4886ec468338a97009b9c3ce72	NON_DIFFICULT	1	1	00000052b6380ca7c6a99641f29de1362f91e92fd627c7dcaff35ecac4b9807f	chr9	99981992	100006992	25000	24488	8	"[{""end_0based"":99982365,""start_0based"":99981992},{""end_0based"":99983525,""start_0based"":99982467},{""end_0based"":99990836,""start_0based"":99983627},{""end_0based"":99991699,""start_0based"":99990855},{""end_0based"":99995869,""start_0based"":99991716},{""end_0based"":99998726,""start_0based"":99995993},{""end_0based"":99999108,""start_0based"":99998747},{""end_0based"":100006992,""start_0based"":99999235}]"	99994335	99994650	99994492	9bbc18faf541223e279fc739075e521e173f548bf4e0c14280a6a160bf3b74ea	HOMOPOLYMER;TANDEM_REPEAT;LOW_MAPPABILITY;SEGMENTAL_DUPLICATION	"{""HOMOPOLYMER"":818,""LOW_MAPPABILITY"":2939,""NON_DIFFICULT"":18931,""SEGMENTAL_DUPLICATION"":1755,""TANDEM_REPEAT"":240}"
phase2-window:sha256:f66268ad23b6260136516c67f67a06a01fd0ab05cbf871c79fcb3e43b5b3605c	NON_DIFFICULT	2	1	000004b08be9e5ac43caa53606027a17926e987ffa6e8908dca57965a8b3360c	chr5	10313655	10338655	25000	24071	6	"[{""end_0based"":10315592,""start_0based"":10313655},{""end_0based"":10317050,""start_0based"":10315694},{""end_0based"":10327096,""start_0based"":10317569},{""end_0based"":10332747,""start_0based"":10327199},{""end_0based"":10336456,""start_0based"":10332849},{""end_0based"":10338655,""start_0based"":10336559}]"	10326090	10326221	10326155	9bbc18faf541223e279fc739075e521e173f548bf4e0c14280a6a160bf3b74ea	HOMOPOLYMER;TANDEM_REPEAT;LOW_MAPPABILITY	"{""HOMOPOLYMER"":902,""LOW_MAPPABILITY"":74,""NON_DIFFICULT"":22166,""SEGMENTAL_DUPLICATION"":0,""TANDEM_REPEAT"":695}"
phase2-window:sha256:f7cbf3e8f00407df3412dab9a5f334386262f4d643f6724e96260ec24f820f96	NON_DIFFICULT	3	1	000006643b2da170cb1dd89efced638af9a98a09ef477addbe180cdd345d6783	chr8	3980687	4005687	25000	23455	10	"[{""end_0based"":3981449,""start_0based"":3980687},{""end_0based"":3982109,""start_0based"":3981578},{""end_0based"":3983084,""start_0based"":3982250},{""end_0based"":3983743,""start_0based"":3983186},{""end_0based"":3984649,""start_0based"":3984173},{""end_0based"":3994396,""start_0based"":3984819},{""end_0based"":3996393,""start_0based"":3994500},{""end_0based"":3997796,""start_0based"":3996495},{""end_0based"":4000082,""start_0based"":3997899},{""end_0based"":4005687,""start_0based"":4000346}]"	3992209	3994166	3993187	9bbc18faf541223e279fc739075e521e173f548bf4e0c14280a6a160bf3b74ea	HOMOPOLYMER;TANDEM_REPEAT;LOW_MAPPABILITY	"{""HOMOPOLYMER"":695,""LOW_MAPPABILITY"":219,""NON_DIFFICULT"":20995,""SEGMENTAL_DUPLICATION"":0,""TANDEM_REPEAT"":1561}"
phase2-window:sha256:3736e7e55ca7fa7f7dcf05fa94f62888553f73514fb21a198d7d4c2e91de17dd	NON_DIFFICULT	4	1	000006a5344e006d187a4aebcae2a954297601e194225bdcb454249bbbbf96b4	chr15	86370491	86395491	25000	23895	7	"[{""end_0based"":86372273,""start_0based"":86370491},{""end_0based"":86380180,""start_0based"":86372503},{""end_0based"":86385886,""start_0based"":86380315},{""end_0based"":86390609,""start_0based"":86386293},{""end_0based"":86390966,""start_0based"":86390711},{""end_0based"":86391589,""start_0based"":86391069},{""end_0based"":86395491,""start_0based"":86391717}]"	86382741	86383242	86382991	9bbc18faf541223e279fc739075e521e173f548bf4e0c14280a6a160bf3b74ea	HOMOPOLYMER;TANDEM_REPEAT	"{""HOMOPOLYMER"":593,""LOW_MAPPABILITY"":0,""NON_DIFFICULT"":21355,""SEGMENTAL_DUPLICATION"":0,""TANDEM_REPEAT"":1339}"
phase2-window:sha256:9dd0b602575e35207b260047eeecff8dd7bdf183f9d550f5aa7550b29abf126e	NON_DIFFICULT	5	1	0000086268be996ecf7db833764ca1c520227c8c811287c09ba4c80c02664d8d	chr2	185619753	185644753	25000	24029	8	"[{""end_0based"":185621092,""start_0based"":185619753},{""end_0based"":185626269,""start_0based"":185621198},{""end_0based"":185626520,""start_0based"":185626422},{""end_0based"":185627180,""start_0based"":185626547},{""end_0based"":185627644,""start_0based"":185627282},{""end_0based"":185629482,""start_0based"":185627746},{""end_0based"":185641575,""start_0based"":185629610},{""end_0based"":185644753,""start_0based"":185641928}]"	185632243	185632263	185632253	9bbc18faf541223e279fc739075e521e173f548bf4e0c14280a6a160bf3b74ea	HOMOPOLYMER;TANDEM_REPEAT;LOW_MAPPABILITY	"{""HOMOPOLYMER"":934,""LOW_MAPPABILITY"":1233,""NON_DIFFICULT"":19493,""SEGMENTAL_DUPLICATION"":0,""TANDEM_REPEAT"":702}"
phase2-window:sha256:9e6b1889fc1242ca91f9d3d7b6af9f7f569d025043ee135c3c0c4721feba9df9	NON_DIFFICULT	6	1	00000c9d2511cb742728a8468cb44727cc8bf962e30660427d073eaa3fcb1810	chr14	63549310	63574310	25000	23085	10	"[{""end_0based"":63550648,""start_0based"":63549310},{""end_0based"":63558253,""start_0based"":63551296},{""end_0based"":63559849,""start_0based"":63558396},{""end_0based"":63561146,""start_0based"":63559898},{""end_0based"":63561348,""start_0based"":63561172},{""end_0based"":63562145,""start_0based"":63561451},{""end_0based"":63569534,""start_0based"":63562248},{""end_0based"":63569897,""start_0based"":63569639},{""end_0based"":63573942,""start_0based"":63570497},{""end_0based"":63574310,""start_0based"":63574080}]"	63561430	63562191	63561810	9bbc18faf541223e279fc739075e521e173f548bf4e0c14280a6a160bf3b74ea	HOMOPOLYMER;TANDEM_REPEAT;LOW_MAPPABILITY	"{""HOMOPOLYMER"":1357,""LOW_MAPPABILITY"":399,""NON_DIFFICULT"":21837,""SEGMENTAL_DUPLICATION"":0,""TANDEM_REPEAT"":1378}"
phase2-window:sha256:762fd09292d7c698ff3aedf406a4ad77c963a918c6c72e78bfd54320d12e0777	NON_DIFFICULT	7	1	000011e94282e361e354182c8f0763ace720359abb2d9a42d37f5dca151b990b	chr7	98345948	98370948	25000	22855	17	"[{""end_0based"":98348503,""start_0based"":98345948},{""end_0based"":98353910,""start_0based"":98348634},{""end_0based"":98355505,""start_0based"":98354027},{""end_0based"":98356614,""start_0based"":98355623},{""end_0based"":98356850,""start_0based"":98356718},{""end_0based"":98357514,""start_0based"":98357211},{""end_0based"":98359268,""start_0based"":98357616},{""end_0based"":98359694,""start_0based"":98359296},{""end_0based"":98359874,""start_0based"":98359821},{""end_0based"":98362976,""start_0based"":98359976},{""end_0based"":98364935,""start_0based"":98363086},{""end_0based"":98367369,""start_0based"":98365100},{""end_0based"":98368413,""start_0based"":98367697},{""end_0based"":98368754,""start_0based"":98368448},{""end_0based"":98369612,""start_0based"":98368863},{""end_0based"":98370321,""start_0based"":98369718},{""end_0based"":98370948,""start_0based"":98370423}]"	98358378	98358519	98358448	9bbc18faf541223e279fc739075e521e173f548bf4e0c14280a6a160bf3b74ea	HOMOPOLYMER;TANDEM_REPEAT;LOW_MAPPABILITY	"{""HOMOPOLYMER"":1448,""LOW_MAPPABILITY"":275,""NON_DIFFICULT"":21852,""SEGMENTAL_DUPLICATION"":0,""TANDEM_REPEAT"":859}"
phase2-window:sha256:42d4a55abb970a300458a6444c16e4e5c7f2e4c64e6c16678b9fe05f9a3d80ed	NON_DIFFICULT	8	1	000012cd41e5f345cd36a836373c9b2df759e02524b0a07349faea0b8d36abe2	chr10	68578728	68603728	25000	23067	23	"[{""end_0based"":68580262,""start_0based"":68578728},{""end_0based"":68580731,""start_0based"":68580365},{""end_0based"":68584201,""start_0based"":68580856},{""end_0based"":68585707,""start_0based"":68584226},{""end_0based"":68585951,""start_0based"":68585732},{""end_0based"":68586434,""start_0based"":68586071},{""end_0based"":68587871,""start_0based"":68586693},{""end_0based"":68588155,""start_0based"":68587903},{""end_0based"":68588661,""start_0based"":68588176},{""end_0based"":68588771,""start_0based"":68588683},{""end_0based"":68589065,""start_0based"":68588874},{""end_0based"":68589432,""start_0based"":68589176},{""end_0based"":68589611,""start_0based"":68589488},{""end_0based"":68590102,""start_0based"":68589720},{""end_0based"":68590278,""start_0based"":68590131},{""end_0based"":68590784,""start_0based"":68590320},{""end_0based"":68593225,""start_0based"":68590887},{""end_0based"":68593864,""start_0based"":68593261},{""end_0based"":68595561,""start_0based"":68593968},{""end_0based"":68595868,""start_0based"":68595665},{""end_0based"":68596985,""start_0based"":68596078},{""end_0based"":68598628,""start_0based"":68597056},{""end_0based"":68603728,""start_0based"":68598751}]"	68591180	68591277	68591228	9bbc18faf541223e279fc739075e521e173f548bf4e0c14280a6a160bf3b74ea	HOMOPOLYMER;TANDEM_REPEAT;LOW_MAPPABILITY;SEGMENTAL_DUPLICATION	"{""HOMOPOLYMER"":1524,""LOW_MAPPABILITY"":88,""NON_DIFFICULT"":17425,""SEGMENTAL_DUPLICATION"":6076,""TANDEM_REPEAT"":458}"
phase2-window:sha256:f6cfe19b27d2473c1a5719809122322e82c437e9d9fafe9e4c6cff9fc1c97f52	NON_DIFFICULT	9	1	000013526234d545e90340b71a3a75725d2b88bc4183eea71a6cfe7238b68d06	chr18	4609732	4634732	25000	24089	7	"[{""end_0based"":4609823,""start_0based"":4609732},{""end_0based"":4615846,""start_0based"":4609925},{""end_0based"":4618895,""start_0based"":4615864},{""end_0based"":4619785,""start_0based"":4619290},{""end_0based"":4620224,""start_0based"":4619903},{""end_0based"":4621326,""start_0based"":4620399},{""end_0based"":4634732,""start_0based"":4621429}]"	4621976	4622488	4622232	9bbc18faf541223e279fc739075e521e173f548bf4e0c14280a6a160bf3b74ea	HOMOPOLYMER;TANDEM_REPEAT;LOW_MAPPABILITY	"{""HOMOPOLYMER"":810,""LOW_MAPPABILITY"":814,""NON_DIFFICULT"":21420,""SEGMENTAL_DUPLICATION"":0,""TANDEM_REPEAT"":925}"
phase2-window:sha256:f1e934c405ff2fdd00121eec929f3c53aa0251bb8955fd77bbc77d5d98b5ef15	NON_DIFFICULT	10	2	000016303070bb9803acc025db10e5cc9e70b155ec03c25ba41672faa906f3ac	chr15	91710240	91735240	25000	24564	6	"[{""end_0based"":91717372,""start_0based"":91710240},{""end_0based"":91717480,""start_0based"":91717391},{""end_0based"":91730238,""start_0based"":91717589},{""end_0based"":91730418,""start_0based"":91730341},{""end_0based"":91733119,""start_0based"":91730521},{""end_0based"":91735240,""start_0based"":91733221}]"	91722600	91722880	91722740	9bbc18faf541223e279fc739075e521e173f548bf4e0c14280a6a160bf3b74ea	HOMOPOLYMER;TANDEM_REPEAT;LOW_MAPPABILITY	"{""HOMOPOLYMER"":573,""LOW_MAPPABILITY"":170,""NON_DIFFICULT"":23856,""SEGMENTAL_DUPLICATION"":0,""TANDEM_REPEAT"":433}"
phase2-window:sha256:af6fba827c2734dd51a588a411001721309edc5b94be470c1427de800c1a5c67	HOMOPOLYMER	1	1	0000014033b72191f6e6234f965e6abfc85823c1f1e54899bc8c032ebb9b9eb1	chr19	51650606	51675606	25000	20719	9	"[{""end_0based"":51655826,""start_0based"":51650606},{""end_0based"":51656417,""start_0based"":51656179},{""end_0based"":51657195,""start_0based"":51656770},{""end_0based"":51660745,""start_0based"":51657308},{""end_0based"":51660989,""start_0based"":51660925},{""end_0based"":51666504,""start_0based"":51661108},{""end_0based"":51672130,""start_0based"":51666810},{""end_0based"":51674977,""start_0based"":51674861},{""end_0based"":51675606,""start_0based"":51675103}]"	51663097	51663115	51663106	1ec3cbd1a123ff7ba8ad5ccefe9d20a5d914c003eda08010151bda55d015134d	NON_DIFFICULT;TANDEM_REPEAT;LOW_MAPPABILITY	"{""HOMOPOLYMER"":820,""LOW_MAPPABILITY"":1646,""NON_DIFFICULT"":20263,""SEGMENTAL_DUPLICATION"":0,""TANDEM_REPEAT"":1539}"
phase2-window:sha256:49d863a45e0cc309c275e3f5a6c590e605b49a05518d9c3efcd8ad18d981363d	HOMOPOLYMER	2	1	000001c0839143075268bb62349d4b05644d55b6516602c021d407ec3d76e7a8	chr4	189276101	189301101	25000	18371	14	"[{""end_0based"":189282784,""start_0based"":189281732},{""end_0based"":189283204,""start_0based"":189282886},{""end_0based"":189283367,""start_0based"":189283221},{""end_0based"":189283883,""start_0based"":189283389},{""end_0based"":189284048,""start_0based"":189283993},{""end_0based"":189284342,""start_0based"":189284065},{""end_0based"":189287082,""start_0based"":189284503},{""end_0based"":189287896,""start_0based"":189287165},{""end_0based"":189288725,""start_0based"":189287913},{""end_0based"":189289819,""start_0based"":189288773},{""end_0based"":189290597,""start_0based"":189289921},{""end_0based"":189290906,""start_0based"":189290700},{""end_0based"":189296384,""start_0based"":189291020},{""end_0based"":189301101,""start_0based"":189296486}]"	189288593	189288610	189288601	1ec3cbd1a123ff7ba8ad5ccefe9d20a5d914c003eda08010151bda55d015134d	NON_DIFFICULT;TANDEM_REPEAT;LOW_MAPPABILITY	"{""HOMOPOLYMER"":446,""LOW_MAPPABILITY"":2614,""NON_DIFFICULT"":19221,""SEGMENTAL_DUPLICATION"":0,""TANDEM_REPEAT"":2213}"
phase2-window:sha256:addd7c07382b095470320280dad554750f3ad33f986e7d24baf136c882f5a4d1	HOMOPOLYMER	3	1	0000082bf8fab8af4a5b099c05e77226ff7b1c0f4573e1d71c7c419d7406b8ec	chr3	180307048	180332048	25000	24589	8	"[{""end_0based"":180318846,""start_0based"":180307048},{""end_0based"":180322088,""start_0based"":180318880},{""end_0based"":180322850,""start_0based"":180322198},{""end_0based"":180323493,""start_0based"":180322875},{""end_0based"":180326045,""start_0based"":180323622},{""end_0based"":180326385,""start_0based"":180326063},{""end_0based"":180326714,""start_0based"":180326447},{""end_0based"":180332048,""start_0based"":180326747}]"	180319540	180319557	180319548	1ec3cbd1a123ff7ba8ad5ccefe9d20a5d914c003eda08010151bda55d015134d	NON_DIFFICULT;TANDEM_REPEAT;LOW_MAPPABILITY;SEGMENTAL_DUPLICATION	"{""HOMOPOLYMER"":627,""LOW_MAPPABILITY"":451,""NON_DIFFICULT"":19490,""SEGMENTAL_DUPLICATION"":3700,""TANDEM_REPEAT"":521}"
phase2-window:sha256:a35b43bfc41ded0243efcf1ed2f7c71b7ef9d628452ffb638959429ab97f5ae2	HOMOPOLYMER	4	1	00000ad003c75ae9cabb6a7a36e05a807ad09fd81795e75302d3c18b70baf1f0	chr14	41104384	41129384	25000	24023	9	"[{""end_0based"":41106396,""start_0based"":41104384},{""end_0based"":41110734,""start_0based"":41106504},{""end_0based"":41116094,""start_0based"":41110859},{""end_0based"":41117947,""start_0based"":41116239},{""end_0based"":41118413,""start_0based"":41118063},{""end_0based"":41120840,""start_0based"":41118547},{""end_0based"":41128503,""start_0based"":41120952},{""end_0based"":41129031,""start_0based"":41128606},{""end_0based"":41129384,""start_0based"":41129165}]"	41116875	41116894	41116884	1ec3cbd1a123ff7ba8ad5ccefe9d20a5d914c003eda08010151bda55d015134d	NON_DIFFICULT;TANDEM_REPEAT;LOW_MAPPABILITY	"{""HOMOPOLYMER"":809,""LOW_MAPPABILITY"":27,""NON_DIFFICULT"":20001,""SEGMENTAL_DUPLICATION"":0,""TANDEM_REPEAT"":390}"
phase2-window:sha256:65406427793eb8abd9888ce244a06d4e6a652da9d1a21a0ec1db4788615dc5fe	HOMOPOLYMER	5	1	00000b5ba9d922cbef2abd06698ec46da62f4f995eba5ed4f66c61976157a193	chr15	79928165	79953165	25000	23413	13	"[{""end_0based"":79928184,""start_0based"":79928165},{""end_0based"":79928502,""start_0based"":79928307},{""end_0based"":79929550,""start_0based"":79928604},{""end_0based"":79930183,""start_0based"":79929702},{""end_0based"":79936445,""start_0based"":79930289},{""end_0based"":79937904,""start_0based"":79936549},{""end_0based"":79940906,""start_0based"":79938015},{""end_0based"":79949099,""start_0based"":79941019},{""end_0based"":79949598,""start_0based"":79949202},{""end_0based"":79949932,""start_0based"":79949701},{""end_0based"":79951086,""start_0based"":79950268},{""end_0based"":79951382,""start_0based"":79951188},{""end_0based"":79953165,""start_0based"":79951514}]"	79940657	79940674	79940665	1ec3cbd1a123ff7ba8ad5ccefe9d20a5d914c003eda08010151bda55d015134d	NON_DIFFICULT;TANDEM_REPEAT;LOW_MAPPABILITY;SEGMENTAL_DUPLICATION	"{""HOMOPOLYMER"":1017,""LOW_MAPPABILITY"":452,""NON_DIFFICULT"":21322,""SEGMENTAL_DUPLICATION"":1121,""TANDEM_REPEAT"":363}"
phase2-window:sha256:83efc395758427a2af499ca31ef5aa8b2df083bea6f580df369ea70d074b2482	HOMOPOLYMER	6	1	00000cc7565124651badfd1ac57ecda35d0f689221d9e2fdcc336f4f81ba5ad5	chr2	229091586	229116586	25000	24000	8	"[{""end_0based"":229091932,""start_0based"":229091586},{""end_0based"":229093083,""start_0based"":229092360},{""end_0based"":229093717,""start_0based"":229093189},{""end_0based"":229103520,""start_0based"":229093820},{""end_0based"":229107452,""start_0based"":229103623},{""end_0based"":229115351,""start_0based"":229107555},{""end_0based"":229116062,""start_0based"":229115488},{""end_0based"":229116586,""start_0based"":229116082}]"	229104078	229104095	229104086	1ec3cbd1a123ff7ba8ad5ccefe9d20a5d914c003eda08010151bda55d015134d	NON_DIFFICULT;TANDEM_REPEAT;LOW_MAPPABILITY	"{""HOMOPOLYMER"":620,""LOW_MAPPABILITY"":133,""NON_DIFFICULT"":23318,""SEGMENTAL_DUPLICATION"":0,""TANDEM_REPEAT"":590}"
phase2-window:sha256:a4402958b198f87aeae8f17d12a57b491873c54460dbdbb85c2b947050d1dcfb	HOMOPOLYMER	7	1	000012fe79a31b9e14eea7baf5c53897900eac05d7c1a601d01c9d39fc052eba	chr10	83123826	83148826	25000	24692	4	"[{""end_0based"":83125833,""start_0based"":83123826},{""end_0based"":83136430,""start_0based"":83125935},{""end_0based"":83145285,""start_0based"":83136533},{""end_0based"":83148826,""start_0based"":83145388}]"	83136318	83136335	83136326	1ec3cbd1a123ff7ba8ad5ccefe9d20a5d914c003eda08010151bda55d015134d	NON_DIFFICULT;TANDEM_REPEAT;LOW_MAPPABILITY	"{""HOMOPOLYMER"":711,""LOW_MAPPABILITY"":384,""NON_DIFFICULT"":22466,""SEGMENTAL_DUPLICATION"":0,""TANDEM_REPEAT"":725}"
phase2-window:sha256:dd35bdcdf71ead7c0b8cae8f120d5dab1b648223ba0245167dbb6619a0b2fdbb	HOMOPOLYMER	8	1	000016343b07acd2e9d69b4d39f8c6e5f6c3c40b716a1eabc8b173a3cba02cb9	chr18	30975313	31000313	25000	24444	5	"[{""end_0based"":30981974,""start_0based"":30975313},{""end_0based"":30984461,""start_0based"":30982080},{""end_0based"":30992110,""start_0based"":30984609},{""end_0based"":30995920,""start_0based"":30992229},{""end_0based"":31000313,""start_0based"":30996103}]"	30987804	30987822	30987813	1ec3cbd1a123ff7ba8ad5ccefe9d20a5d914c003eda08010151bda55d015134d	NON_DIFFICULT;TANDEM_REPEAT;LOW_MAPPABILITY	"{""HOMOPOLYMER"":712,""LOW_MAPPABILITY"":584,""NON_DIFFICULT"":20420,""SEGMENTAL_DUPLICATION"":0,""TANDEM_REPEAT"":882}"
phase2-window:sha256:33e0beb02b8e8505015e84ff1cd21e5df072c8b79df6202c34d321fcc999d113	HOMOPOLYMER	9	2	000016bc8539a9714eddaa639482cd162889d1c64c9da241fb74e19fee91c0e9	chr4	180035212	180060212	25000	24660	5	"[{""end_0based"":180041184,""start_0based"":180035212},{""end_0based"":180043537,""start_0based"":180041211},{""end_0based"":180045616,""start_0based"":180043639},{""end_0based"":180058675,""start_0based"":180045725},{""end_0based"":180060212,""start_0based"":180058777}]"	180047701	180047723	180047712	1ec3cbd1a123ff7ba8ad5ccefe9d20a5d914c003eda08010151bda55d015134d	NON_DIFFICULT;TANDEM_REPEAT;LOW_MAPPABILITY	"{""HOMOPOLYMER"":759,""LOW_MAPPABILITY"":1439,""NON_DIFFICULT"":19213,""SEGMENTAL_DUPLICATION"":0,""TANDEM_REPEAT"":751}"
phase2-window:sha256:6361e47d57096900d0f31a4d31201fa4a48f5ee7ef2032cc317ab97e7add6f39	HOMOPOLYMER	10	1	00001f38bab2c280c23ff31802fae3431f2a3080a7cfcf824f92a05de1d0e1f7	chr8	64896165	64921165	25000	24881	3	"[{""end_0based"":64911568,""start_0based"":64896165},{""end_0based"":64920045,""start_0based"":64911585},{""end_0based"":64921165,""start_0based"":64920147}]"	64908656	64908674	64908665	1ec3cbd1a123ff7ba8ad5ccefe9d20a5d914c003eda08010151bda55d015134d	NON_DIFFICULT;TANDEM_REPEAT;LOW_MAPPABILITY	"{""HOMOPOLYMER"":754,""LOW_MAPPABILITY"":2009,""NON_DIFFICULT"":20702,""SEGMENTAL_DUPLICATION"":0,""TANDEM_REPEAT"":326}"
phase2-window:sha256:8c257fd974b2f53aae43b842f89c8647c25debb836a181e311f1f83459477a6d	TANDEM_REPEAT	1	1	00000e567d7989d0d4757ee7bfd6f3c495f68ff157874594a9c3d28007bc19d4	chr6	167324490	167349490	25000	24564	7	"[{""end_0based"":167333826,""start_0based"":167324543},{""end_0based"":167335119,""start_0based"":167333843},{""end_0based"":167335816,""start_0based"":167335136},{""end_0based"":167339252,""start_0based"":167335844},{""end_0based"":167342796,""start_0based"":167339354},{""end_0based"":167348730,""start_0based"":167342909},{""end_0based"":167349490,""start_0based"":167348836}]"	167336965	167337015	167336990	ff58710eb3aab81c172f83ac263ab698068b0a4f0d8357d7347ff9a7b8774179	NON_DIFFICULT;HOMOPOLYMER;LOW_MAPPABILITY;SEGMENTAL_DUPLICATION	"{""HOMOPOLYMER"":533,""LOW_MAPPABILITY"":3448,""NON_DIFFICULT"":17536,""SEGMENTAL_DUPLICATION"":1639,""TANDEM_REPEAT"":1327}"
phase2-window:sha256:fab4c08307b7b93cf51e720af259de3a45aa3ae017a456c758a3ad660080a196	TANDEM_REPEAT	2	1	0000129329ef3be075e366782e0bd2ea25305ce823e658e1ee12a1a721c5cd4f	chr15	67502823	67527823	25000	24794	3	"[{""end_0based"":67511615,""start_0based"":67502823},{""end_0based"":67518227,""start_0based"":67511718},{""end_0based"":67527823,""start_0based"":67518330}]"	67515312	67515334	67515323	ff58710eb3aab81c172f83ac263ab698068b0a4f0d8357d7347ff9a7b8774179	NON_DIFFICULT;HOMOPOLYMER;LOW_MAPPABILITY	"{""HOMOPOLYMER"":953,""LOW_MAPPABILITY"":259,""NON_DIFFICULT"":22251,""SEGMENTAL_DUPLICATION"":0,""TANDEM_REPEAT"":437}"
phase2-window:sha256:afd7df92acb8f477f86254e222597e0d1513384bec1204f91e5d49a83ac8ad32	TANDEM_REPEAT	3	1	000014de95c80a8d356f57645620be31616afc01a4d69cb10f51d60490a3ee95	chr17	81948378	81973378	25000	21704	16	"[{""end_0based"":81949552,""start_0based"":81948534},{""end_0based"":81950236,""start_0based"":81949841},{""end_0based"":81951073,""start_0based"":81950359},{""end_0based"":81952095,""start_0based"":81951175},{""end_0based"":81953721,""start_0based"":81952703},{""end_0based"":81954308,""start_0based"":81953824},{""end_0based"":81955586,""start_0based"":81954410},{""end_0based"":81958440,""start_0based"":81955974},{""end_0based"":81961500,""start_0based"":81958770},{""end_0based"":81967981,""start_0based"":81961602},{""end_0based"":81968412,""start_0based"":81968083},{""end_0based"":81969924,""start_0based"":81968514},{""end_0based"":81970666,""start_0based"":81970556},{""end_0based"":81970806,""start_0based"":81970696},{""end_0based"":81973070,""start_0based"":81970831},{""end_0based"":81973378,""start_0based"":81973172}]"	81960861	81960895	81960878	ff58710eb3aab81c172f83ac263ab698068b0a4f0d8357d7347ff9a7b8774179	NON_DIFFICULT;HOMOPOLYMER;LOW_MAPPABILITY	"{""HOMOPOLYMER"":931,""LOW_MAPPABILITY"":255,""NON_DIFFICULT"":14492,""SEGMENTAL_DUPLICATION"":0,""TANDEM_REPEAT"":2324}"
phase2-window:sha256:ca0f7ff023f28845be7ac7b0505ece7982a4ebec338ce065604943cedf6a53e9	TANDEM_REPEAT	4	1	00001c67b14b44cb9e179ed39f66e32c7c23eb4e197c803467c1c0716ebd5c10	chr2	134949083	134974083	25000	23985	8	"[{""end_0based"":134949751,""start_0based"":134949083},{""end_0based"":134962281,""start_0based"":134949864},{""end_0based"":134966413,""start_0based"":134962412},{""end_0based"":134967806,""start_0based"":134966431},{""end_0based"":134968369,""start_0based"":134967909},{""end_0based"":134969180,""start_0based"":134968969},{""end_0based"":134970590,""start_0based"":134969199},{""end_0based"":134974083,""start_0based"":134970621}]"	134961573	134961593	134961583	ff58710eb3aab81c172f83ac263ab698068b0a4f0d8357d7347ff9a7b8774179	NON_DIFFICULT;HOMOPOLYMER;LOW_MAPPABILITY;SEGMENTAL_DUPLICATION	"{""HOMOPOLYMER"":992,""LOW_MAPPABILITY"":1762,""NON_DIFFICULT"":20924,""SEGMENTAL_DUPLICATION"":1437,""TANDEM_REPEAT"":731}"
phase2-window:sha256:2862835e92ff0b9b0e9f527d29f763d74810e9b80f27c961ef7a27e582de7a9f	TANDEM_REPEAT	5	1	00003f7ced3ed6e8b4335a0eda41aa0d55c26d67644715e0973383b36925b92e	chr4	48329661	48354661	25000	24563	5	"[{""end_0based"":48342660,""start_0based"":48329661},{""end_0based"":48346784,""start_0based"":48342787},{""end_0based"":48348638,""start_0based"":48346887},{""end_0based"":48352061,""start_0based"":48348740},{""end_0based"":48354661,""start_0based"":48352166}]"	48342139	48342184	48342161	ff58710eb3aab81c172f83ac263ab698068b0a4f0d8357d7347ff9a7b8774179	NON_DIFFICULT;HOMOPOLYMER;LOW_MAPPABILITY	"{""HOMOPOLYMER"":771,""LOW_MAPPABILITY"":6,""NON_DIFFICULT"":22318,""SEGMENTAL_DUPLICATION"":0,""TANDEM_REPEAT"":393}"
phase2-window:sha256:c6d5bfeecb346aa1b446b42f62e8b728bfc5c734592c3622a315583801947f37	TANDEM_REPEAT	6	2	000060e0b76ce4fbfd779adf3a29031e826162bdeb0cb7420bb6fc948e9b90eb	chr6	77317397	77342397	25000	24764	3	"[{""end_0based"":77317439,""start_0based"":77317397},{""end_0based"":77321970,""start_0based"":77317543},{""end_0based"":77342397,""start_0based"":77322102}]"	77329815	77329979	77329897	ff58710eb3aab81c172f83ac263ab698068b0a4f0d8357d7347ff9a7b8774179	NON_DIFFICULT;HOMOPOLYMER;LOW_MAPPABILITY	"{""HOMOPOLYMER"":616,""LOW_MAPPABILITY"":52,""NON_DIFFICULT"":20556,""SEGMENTAL_DUPLICATION"":0,""TANDEM_REPEAT"":490}"
phase2-window:sha256:74d262a592182c996150a995a44d6eb647780fc088a0ab6ccb09416073d74a51	TANDEM_REPEAT	7	1	00006b4b679ee7e201bf410d3d116d3277256ae63f73caeb6e5a1e1ce18b2506	chr1	36997097	37022097	25000	24092	8	"[{""end_0based"":37000399,""start_0based"":36997097},{""end_0based"":37002619,""start_0based"":37000525},{""end_0based"":37002970,""start_0based"":37002722},{""end_0based"":37010675,""start_0based"":37003108},{""end_0based"":37014783,""start_0based"":37010777},{""end_0based"":37017318,""start_0based"":37014980},{""end_0based"":37021071,""start_0based"":37017453},{""end_0based"":37022097,""start_0based"":37021178}]"	37009572	37009623	37009597	ff58710eb3aab81c172f83ac263ab698068b0a4f0d8357d7347ff9a7b8774179	NON_DIFFICULT;HOMOPOLYMER;LOW_MAPPABILITY	"{""HOMOPOLYMER"":435,""LOW_MAPPABILITY"":212,""NON_DIFFICULT"":23320,""SEGMENTAL_DUPLICATION"":0,""TANDEM_REPEAT"":568}"
phase2-window:sha256:f92482d6c8d69ec195032eb28ef9762bac695b3e1d55a2d2e786f91d1257546f	TANDEM_REPEAT	8	1	000089d146bb6c44fcea376ca27eaa94c8dda9fdddad7ec4886b0c5dfa4989a6	chr16	74972538	74997538	25000	23221	13	"[{""end_0based"":74972770,""start_0based"":74972538},{""end_0based"":74973743,""start_0based"":74972876},{""end_0based"":74978269,""start_0based"":74974027},{""end_0based"":74979304,""start_0based"":74978395},{""end_0based"":74979413,""start_0based"":74979321},{""end_0based"":74979787,""start_0based"":74979520},{""end_0based"":74981556,""start_0based"":74979914},{""end_0based"":74985934,""start_0based"":74981711},{""end_0based"":74987211,""start_0based"":74986039},{""end_0based"":74988607,""start_0based"":74987313},{""end_0based"":74989610,""start_0based"":74988981},{""end_0based"":74994245,""start_0based"":74989783},{""end_0based"":74997538,""start_0based"":74994348}]"	74985003	74985073	74985038	ff58710eb3aab81c172f83ac263ab698068b0a4f0d8357d7347ff9a7b8774179	NON_DIFFICULT;HOMOPOLYMER;LOW_MAPPABILITY	"{""HOMOPOLYMER"":1693,""LOW_MAPPABILITY"":534,""NON_DIFFICULT"":20943,""SEGMENTAL_DUPLICATION"":0,""TANDEM_REPEAT"":1111}"
phase2-window:sha256:05aaa8ee8c5b07e5c03ac47ac8bf08b7710c435d3609e53ea2a2ebcdab999f96	TANDEM_REPEAT	9	1	0000a3cb552d4f386f7bf5165fee94ba8976a84a2cc9fc2b758c0c7eba37dee7	chr7	15657664	15682664	25000	24369	8	"[{""end_0based"":15659753,""start_0based"":15657664},{""end_0based"":15660961,""start_0based"":15659786},{""end_0based"":15662062,""start_0based"":15661073},{""end_0based"":15666700,""start_0based"":15662084},{""end_0based"":15667238,""start_0based"":15666838},{""end_0based"":15672841,""start_0based"":15667340},{""end_0based"":15673546,""start_0based"":15672948},{""end_0based"":15682664,""start_0based"":15673663}]"	15670142	15670187	15670164	ff58710eb3aab81c172f83ac263ab698068b0a4f0d8357d7347ff9a7b8774179	NON_DIFFICULT;HOMOPOLYMER;LOW_MAPPABILITY	"{""HOMOPOLYMER"":815,""LOW_MAPPABILITY"":8,""NON_DIFFICULT"":22399,""SEGMENTAL_DUPLICATION"":0,""TANDEM_REPEAT"":470}"
phase2-window:sha256:91973f2a5d4e78093126173edb872f29437cc7b05aa1bc7367b5fefdddc61ddb	TANDEM_REPEAT	10	1	0000adaaa306755f08e94ad3320f2fcfe34e00f9b0e563e061964d9749f4e96d	chr5	137544322	137569322	25000	24096	5	"[{""end_0based"":137550516,""start_0based"":137544322},{""end_0based"":137556677,""start_0based"":137550558},{""end_0based"":137557371,""start_0based"":137557296},{""end_0based"":137568613,""start_0based"":137557474},{""end_0based"":137569322,""start_0based"":137568753}]"	137556709	137556935	137556822	ff58710eb3aab81c172f83ac263ab698068b0a4f0d8357d7347ff9a7b8774179	NON_DIFFICULT;HOMOPOLYMER;LOW_MAPPABILITY	"{""HOMOPOLYMER"":739,""LOW_MAPPABILITY"":1737,""NON_DIFFICULT"":21547,""SEGMENTAL_DUPLICATION"":0,""TANDEM_REPEAT"":713}"
phase2-window:sha256:b0a431a07ee0cbcf2082a9bdd49d2ba968e26756447557bd8c0331e6015f5bd6	LOW_MAPPABILITY	1	1	00000a2f9626b4a3bfc74865a58c1e70d39660e2e8647598afe2844ba3044a1c	chr19	29414482	29439482	25000	23225	5	"[{""end_0based"":29420565,""start_0based"":29414482},{""end_0based"":29425057,""start_0based"":29421103},{""end_0based"":29426599,""start_0based"":29425166},{""end_0based"":29438466,""start_0based"":29426740},{""end_0based"":29439482,""start_0based"":29439453}]"	29426980	29426985	29426982	38707879ab51dcee3dd3331c082e2d9552a9f9d487d4de84f9ebae5b5c556d56	NON_DIFFICULT;HOMOPOLYMER;TANDEM_REPEAT	"{""HOMOPOLYMER"":126,""LOW_MAPPABILITY"":5,""NON_DIFFICULT"":21937,""SEGMENTAL_DUPLICATION"":0,""TANDEM_REPEAT"":2225}"
phase2-window:sha256:21ff439582a90683ca90415fd64844e3826368163c1ab4a30217ad5a3b53eb5e	LOW_MAPPABILITY	2	1	00002320392decdb9140eab70f6f27eec67e4b84069a13a4a078ca30b131249f	chr12	128999528	129024528	25000	21284	11	"[{""end_0based"":129000974,""start_0based"":128999528},{""end_0based"":129004272,""start_0based"":129001142},{""end_0based"":129011811,""start_0based"":129006297},{""end_0based"":129012949,""start_0based"":129011930},{""end_0based"":129013267,""start_0based"":129013051},{""end_0based"":129014019,""start_0based"":129013387},{""end_0based"":129014274,""start_0based"":129014189},{""end_0based"":129017606,""start_0based"":129014291},{""end_0based"":129017767,""start_0based"":129017709},{""end_0based"":129021965,""start_0based"":129018538},{""end_0based"":129024528,""start_0based"":129022086}]"	129012019	129012037	129012028	38707879ab51dcee3dd3331c082e2d9552a9f9d487d4de84f9ebae5b5c556d56	NON_DIFFICULT;HOMOPOLYMER;TANDEM_REPEAT;SEGMENTAL_DUPLICATION	"{""HOMOPOLYMER"":724,""LOW_MAPPABILITY"":990,""NON_DIFFICULT"":20036,""SEGMENTAL_DUPLICATION"":1888,""TANDEM_REPEAT"":2154}"
phase2-window:sha256:985fdbf0e7f0cb5e3f61e1ceb9f23c8278875081f497a4ea385e49bf1544bd99	LOW_MAPPABILITY	3	1	000029865ecabef28139e1ca693f435223097e3c3f85af1dcb55c473150fbac2	chr14	81652874	81677874	25000	24499	6	"[{""end_0based"":81660830,""start_0based"":81652874},{""end_0based"":81663618,""start_0based"":81660938},{""end_0based"":81664135,""start_0based"":81663720},{""end_0based"":81664336,""start_0based"":81664264},{""end_0based"":81672564,""start_0based"":81664468},{""end_0based"":81677874,""start_0based"":81672594}]"	81665370	81665379	81665374	38707879ab51dcee3dd3331c082e2d9552a9f9d487d4de84f9ebae5b5c556d56	NON_DIFFICULT;HOMOPOLYMER;TANDEM_REPEAT	"{""HOMOPOLYMER"":639,""LOW_MAPPABILITY"":514,""NON_DIFFICULT"":21946,""SEGMENTAL_DUPLICATION"":0,""TANDEM_REPEAT"":927}"
phase2-window:sha256:f99ff7303731c0a25158c0048b2f55db7ebac0c9212c65183c582a42ea9323a1	LOW_MAPPABILITY	4	1	00005bb36b2ba5b948d324dda39c9e6ce261de37654a16232758c762bcc2bcf9	chr2	65110691	65135691	25000	23476	14	"[{""end_0based"":65112077,""start_0based"":65110691},{""end_0based"":65114813,""start_0based"":65112198},{""end_0based"":65117682,""start_0based"":65114916},{""end_0based"":65119789,""start_0based"":65117785},{""end_0based"":65120404,""start_0based"":65119940},{""end_0based"":65121184,""start_0based"":65120507},{""end_0based"":65122103,""start_0based"":65121286},{""end_0based"":65122387,""start_0based"":65122218},{""end_0based"":65122923,""start_0based"":65122413},{""end_0based"":65125372,""start_0based"":65123221},{""end_0based"":65125796,""start_0based"":65125494},{""end_0based"":65130595,""start_0based"":65125918},{""end_0based"":65132009,""start_0based"":65130621},{""end_0based"":65135691,""start_0based"":65132141}]"	65123167	65123215	65123191	38707879ab51dcee3dd3331c082e2d9552a9f9d487d4de84f9ebae5b5c556d56	NON_DIFFICULT;HOMOPOLYMER;TANDEM_REPEAT	"{""HOMOPOLYMER"":1605,""LOW_MAPPABILITY"":279,""NON_DIFFICULT"":21171,""SEGMENTAL_DUPLICATION"":0,""TANDEM_REPEAT"":635}"
phase2-window:sha256:d10dabf87da85069cd13184d2e6e8d29f503442d7fb5d13cd07d2f5684b5a690	LOW_MAPPABILITY	5	1	0000843b196121663aafa18a8df0b6d170b0c63c878239ab4b08cc4d17cdbbef	chr22	50339317	50364317	25000	16662	14	"[{""end_0based"":50342891,""start_0based"":50341000},{""end_0based"":50348986,""start_0based"":50347255},{""end_0based"":50349144,""start_0based"":50349088},{""end_0based"":50349312,""start_0based"":50349255},{""end_0based"":50350793,""start_0based"":50349417},{""end_0based"":50351617,""start_0based"":50351566},{""end_0based"":50354817,""start_0based"":50352245},{""end_0based"":50355178,""start_0based"":50354920},{""end_0based"":50355962,""start_0based"":50355300},{""end_0based"":50356133,""start_0based"":50355985},{""end_0based"":50356254,""start_0based"":50356150},{""end_0based"":50358939,""start_0based"":50356356},{""end_0based"":50360299,""start_0based"":50359041},{""end_0based"":50364317,""start_0based"":50360402}]"	50351816	50351819	50351817	38707879ab51dcee3dd3331c082e2d9552a9f9d487d4de84f9ebae5b5c556d56	NON_DIFFICULT;HOMOPOLYMER;TANDEM_REPEAT	"{""HOMOPOLYMER"":1773,""LOW_MAPPABILITY"":2160,""NON_DIFFICULT"":17108,""SEGMENTAL_DUPLICATION"":0,""TANDEM_REPEAT"":4604}"
phase2-window:sha256:c46e01bff7a3294fde28a134a380660fc36bc1078c8c07298f4afab8e63e2a76	LOW_MAPPABILITY	6	1	0000bc4481490893119aada26025fec0343b694e44119e2e40b3f6d8b76ee066	chr1	6651741	6676741	25000	22807	11	"[{""end_0based"":6651966,""start_0based"":6651741},{""end_0based"":6656049,""start_0based"":6651988},{""end_0based"":6656680,""start_0based"":6656196},{""end_0based"":6657806,""start_0based"":6656784},{""end_0based"":6659471,""start_0based"":6657823},{""end_0based"":6662067,""start_0based"":6660101},{""end_0based"":6664236,""start_0based"":6662186},{""end_0based"":6666334,""start_0based"":6664262},{""end_0based"":6671189,""start_0based"":6666444},{""end_0based"":6673144,""start_0based"":6672105},{""end_0based"":6676741,""start_0based"":6673246}]"	6664241	6664242	6664241	38707879ab51dcee3dd3331c082e2d9552a9f9d487d4de84f9ebae5b5c556d56	NON_DIFFICULT;HOMOPOLYMER;TANDEM_REPEAT	"{""HOMOPOLYMER"":1084,""LOW_MAPPABILITY"":322,""NON_DIFFICULT"":21408,""SEGMENTAL_DUPLICATION"":0,""TANDEM_REPEAT"":1884}"
phase2-window:sha256:c6e31ba96304e38fb52273154c0475a985e879c424b9c71fd3e458a5048efe34	LOW_MAPPABILITY	7	2	0000bfa8350421179b3d95cf709fff897c6668ad0edf1113f675718142b9c9ef	chr1	35361090	35386090	25000	24260	9	"[{""end_0based"":35365234,""start_0based"":35361090},{""end_0based"":35368010,""start_0based"":35365268},{""end_0based"":35370287,""start_0based"":35368123},{""end_0based"":35370676,""start_0based"":35370389},{""end_0based"":35371011,""start_0based"":35370783},{""end_0based"":35373539,""start_0based"":35371159},{""end_0based"":35373968,""start_0based"":35373571},{""end_0based"":35384790,""start_0based"":35374070},{""end_0based"":35386090,""start_0based"":35384892}]"	35373586	35373594	35373590	38707879ab51dcee3dd3331c082e2d9552a9f9d487d4de84f9ebae5b5c556d56	NON_DIFFICULT;HOMOPOLYMER;TANDEM_REPEAT	"{""HOMOPOLYMER"":1049,""LOW_MAPPABILITY"":181,""NON_DIFFICULT"":20707,""SEGMENTAL_DUPLICATION"":0,""TANDEM_REPEAT"":791}"
phase2-window:sha256:3520cac1500de6e7cf9d32eaae25dc83a290cdbc418cf173ace2b48bfe704a1b	LOW_MAPPABILITY	8	1	0000ddff92ed11973cfbe37660c5e8ce196d9e58cbdcad318e9d8a42177a0d76	chr4	76519446	76544446	25000	24275	5	"[{""end_0based"":76522100,""start_0based"":76519446},{""end_0based"":76528273,""start_0based"":76522216},{""end_0based"":76528493,""start_0based"":76528426},{""end_0based"":76531856,""start_0based"":76528599},{""end_0based"":76544356,""start_0based"":76532116}]"	76531905	76531987	76531946	38707879ab51dcee3dd3331c082e2d9552a9f9d487d4de84f9ebae5b5c556d56	NON_DIFFICULT;HOMOPOLYMER;TANDEM_REPEAT	"{""HOMOPOLYMER"":589,""LOW_MAPPABILITY"":134,""NON_DIFFICULT"":23272,""SEGMENTAL_DUPLICATION"":0,""TANDEM_REPEAT"":680}"
phase2-window:sha256:1b64de6a3e0c2b7e63e3b5505d9c6b111417399d8eb166293dd45f14af4a8da5	LOW_MAPPABILITY	9	2	0000e876d4fa339bb713c4c7fac8f36245e22d1fce2dec034ef2eb5d2b10c5cf	chr12	68049567	68074567	25000	24815	4	"[{""end_0based"":68054250,""start_0based"":68049567},{""end_0based"":68054374,""start_0based"":68054301},{""end_0based"":68070035,""start_0based"":68054483},{""end_0based"":68074567,""start_0based"":68070060}]"	68062051	68062084	68062067	38707879ab51dcee3dd3331c082e2d9552a9f9d487d4de84f9ebae5b5c556d56	NON_DIFFICULT;HOMOPOLYMER;TANDEM_REPEAT	"{""HOMOPOLYMER"":891,""LOW_MAPPABILITY"":1383,""NON_DIFFICULT"":21302,""SEGMENTAL_DUPLICATION"":0,""TANDEM_REPEAT"":178}"
phase2-window:sha256:a454c9bb933051d21d90d27467628b5216486a22b601e9364af8d38ab8461c6f	LOW_MAPPABILITY	10	1	0001049ba153e760222452ce749e2a3cdb07a814710654f931bcda08d68201ea	chr6	52740477	52765477	25000	24576	12	"[{""end_0based"":52740965,""start_0based"":52740477},{""end_0based"":52741433,""start_0based"":52741012},{""end_0based"":52741887,""start_0based"":52741458},{""end_0based"":52747244,""start_0based"":52741904},{""end_0based"":52748037,""start_0based"":52747261},{""end_0based"":52749542,""start_0based"":52748055},{""end_0based"":52752873,""start_0based"":52749562},{""end_0based"":52755164,""start_0based"":52752894},{""end_0based"":52757245,""start_0based"":52755267},{""end_0based"":52759512,""start_0based"":52757268},{""end_0based"":52764854,""start_0based"":52759624},{""end_0based"":52765477,""start_0based"":52764875}]"	52752947	52753007	52752977	38707879ab51dcee3dd3331c082e2d9552a9f9d487d4de84f9ebae5b5c556d56	NON_DIFFICULT;HOMOPOLYMER;TANDEM_REPEAT;SEGMENTAL_DUPLICATION	"{""HOMOPOLYMER"":395,""LOW_MAPPABILITY"":4990,""NON_DIFFICULT"":5177,""SEGMENTAL_DUPLICATION"":19645,""TANDEM_REPEAT"":507}"
phase2-window:sha256:adc7fd407204d5a1c434cb00d78a43c74d7190b3d9d8ccb2f0431fd728bf9e78	SEGMENTAL_DUPLICATION	1	1	0005288485f4e7eb4e8e12fd1a8ab4e424a871ecd4aa85ba3892cba9843b9078	chr17	32104071	32129071	25000	22804	30	"[{""end_0based"":32105658,""start_0based"":32104071},{""end_0based"":32106184,""start_0based"":32105704},{""end_0based"":32106481,""start_0based"":32106202},{""end_0based"":32107748,""start_0based"":32106498},{""end_0based"":32107864,""start_0based"":32107771},{""end_0based"":32108838,""start_0based"":32107974},{""end_0based"":32109010,""start_0based"":32108940},{""end_0based"":32109445,""start_0based"":32109113},{""end_0based"":32109961,""start_0based"":32109562},{""end_0based"":32110512,""start_0based"":32110064},{""end_0based"":32113101,""start_0based"":32110529},{""end_0based"":32113558,""start_0based"":32113143},{""end_0based"":32113902,""start_0based"":32113577},{""end_0based"":32114446,""start_0based"":32114043},{""end_0based"":32114664,""start_0based"":32114549},{""end_0based"":32114983,""start_0based"":32114693},{""end_0based"":32115238,""start_0based"":32115005},{""end_0based"":32115502,""start_0based"":32115278},{""end_0based"":32116392,""start_0based"":32115605},{""end_0based"":32116722,""start_0based"":32116495},{""end_0based"":32119468,""start_0based"":32116741},{""end_0based"":32123418,""start_0based"":32119578},{""end_0based"":32126971,""start_0based"":32123892},{""end_0based"":32127332,""start_0based"":32127075},{""end_0based"":32128063,""start_0based"":32127356},{""end_0based"":32128245,""start_0based"":32128189},{""end_0based"":32128374,""start_0based"":32128264},{""end_0based"":32128763,""start_0based"":32128401},{""end_0based"":32129001,""start_0based"":32128781},{""end_0based"":32129071,""start_0based"":32129018}]"	32113096	32120046	32116571	09ac029a7d0d681a9f0ed6581a6bc10fc708a834bc3f91c46a9bef504f6055c5	NON_DIFFICULT;HOMOPOLYMER;TANDEM_REPEAT;LOW_MAPPABILITY	"{""HOMOPOLYMER"":1026,""LOW_MAPPABILITY"":1533,""NON_DIFFICULT"":8346,""SEGMENTAL_DUPLICATION"":15581,""TANDEM_REPEAT"":695}"
phase2-window:sha256:e00cedf109e5809c8ee228f99d7eeaae278179f131d331ebd4420d4758546c29	SEGMENTAL_DUPLICATION	2	1	00329e0faf059d64c96f288b6a65f85939bab656ab0b60e49cc35632386c26c8	chr8	24905740	24930740	25000	24478	4	"[{""end_0based"":24918166,""start_0based"":24905740},{""end_0based"":24921392,""start_0based"":24918223},{""end_0based"":24924662,""start_0based"":24921754},{""end_0based"":24930740,""start_0based"":24924765}]"	24917383	24919098	24918240	09ac029a7d0d681a9f0ed6581a6bc10fc708a834bc3f91c46a9bef504f6055c5	NON_DIFFICULT;HOMOPOLYMER;TANDEM_REPEAT;LOW_MAPPABILITY	"{""HOMOPOLYMER"":599,""LOW_MAPPABILITY"":121,""NON_DIFFICULT"":19038,""SEGMENTAL_DUPLICATION"":1715,""TANDEM_REPEAT"":1164}"
phase2-window:sha256:0b91aa771aac98b03bba44d233bd1545ca47b2640ef9ae7525cbdc54b00e4a60	SEGMENTAL_DUPLICATION	3	1	0037c31caa0fae5268e26e565ed2001de4ef4fa907be4b00eec2bd6e7c536491	chr13	46258612	46283612	25000	17694	5	"[{""end_0based"":46264611,""start_0based"":46258612},{""end_0based"":46269161,""start_0based"":46264637},{""end_0based"":46269779,""start_0based"":46269263},{""end_0based"":46271000,""start_0based"":46269957},{""end_0based"":46283612,""start_0based"":46278000}]"	46270336	46271888	46271112	09ac029a7d0d681a9f0ed6581a6bc10fc708a834bc3f91c46a9bef504f6055c5	NON_DIFFICULT;HOMOPOLYMER;TANDEM_REPEAT;LOW_MAPPABILITY	"{""HOMOPOLYMER"":824,""LOW_MAPPABILITY"":36,""NON_DIFFICULT"":19417,""SEGMENTAL_DUPLICATION"":1552,""TANDEM_REPEAT"":1387}"
phase2-window:sha256:e156a2ea6ac3f0c78d4bc8ce14f3501136f1e8d31ef8f66fc665ed3f04e7971e	SEGMENTAL_DUPLICATION	4	1	00426bd9d0e64343fb8dd5cece2c866308c56086fd483b007359c29e06fbd9c0	chr15	101721698	101746698	25000	21703	36	"[{""end_0based"":101722166,""start_0based"":101721698},{""end_0based"":101722459,""start_0based"":101722269},{""end_0based"":101723682,""start_0based"":101722693},{""end_0based"":101723936,""start_0based"":101723700},{""end_0based"":101724523,""start_0based"":101723986},{""end_0based"":101727368,""start_0based"":101724683},{""end_0based"":101728548,""start_0based"":101727385},{""end_0based"":101729083,""start_0based"":101728651},{""end_0based"":101729385,""start_0based"":101729100},{""end_0based"":101729713,""start_0based"":101729402},{""end_0based"":101730287,""start_0based"":101729815},{""end_0based"":101732611,""start_0based"":101730647},{""end_0based"":101734177,""start_0based"":101732641},{""end_0based"":101734258,""start_0based"":101734194},{""end_0based"":101735506,""start_0based"":101734275},{""end_0based"":101736165,""start_0based"":101735614},{""end_0based"":101736627,""start_0based"":101736267},{""end_0based"":101736801,""start_0based"":101736729},{""end_0based"":101737476,""start_0based"":101736827},{""end_0based"":101738626,""start_0based"":101737493},{""end_0based"":101738795,""start_0based"":101738651},{""end_0based"":101739018,""start_0based"":101738826},{""end_0based"":101739791,""start_0based"":101739124},{""end_0based"":101739998,""start_0based"":101739812},{""end_0based"":101740546,""start_0based"":101740141},{""end_0based"":101741410,""start_0based"":101740650},{""end_0based"":101741700,""start_0based"":101741427},{""end_0based"":101742003,""start_0based"":101741719},{""end_0based"":101743255,""start_0based"":101742021},{""end_0based"":101743434,""start_0based"":101743362},{""end_0based"":101744134,""start_0based"":101743695},{""end_0based"":101744762,""start_0based"":101744236},{""end_0based"":101745064,""start_0based"":101744808},{""end_0based"":101745536,""start_0based"":101745233},{""end_0based"":101745743,""start_0based"":101745560},{""end_0based"":101746244,""start_0based"":101745793}]"	101732199	101736197	101734198	09ac029a7d0d681a9f0ed6581a6bc10fc708a834bc3f91c46a9bef504f6055c5	NON_DIFFICULT;HOMOPOLYMER;TANDEM_REPEAT;LOW_MAPPABILITY	"{""HOMOPOLYMER"":1076,""LOW_MAPPABILITY"":3960,""NON_DIFFICULT"":10020,""SEGMENTAL_DUPLICATION"":12386,""TANDEM_REPEAT"":1211}"
phase2-window:sha256:168d51b55ac6e7f8f485797e097f9f0ca536eaf31692b9a7d6fb4304740166ef	SEGMENTAL_DUPLICATION	5	1	004f5a0850a57d1219c00b930684db6f52e23162570a917b5ec39596621815b3	chr4	75866912	75891912	25000	21780	14	"[{""end_0based"":75868264,""start_0based"":75866912},{""end_0based"":75870827,""start_0based"":75868384},{""end_0based"":75874080,""start_0based"":75870939},{""end_0based"":75876936,""start_0based"":75874182},{""end_0based"":75877286,""start_0based"":75877111},{""end_0based"":75879525,""start_0based"":75877460},{""end_0based"":75879787,""start_0based"":75879627},{""end_0based"":75880767,""start_0based"":75879889},{""end_0based"":75883517,""start_0based"":75880869},{""end_0based"":75884373,""start_0based"":75884165},{""end_0based"":75885588,""start_0based"":75884529},{""end_0based"":75885958,""start_0based"":75885868},{""end_0based"":75887569,""start_0based"":75887000},{""end_0based"":75891912,""start_0based"":75887674}]"	75878859	75879965	75879412	09ac029a7d0d681a9f0ed6581a6bc10fc708a834bc3f91c46a9bef504f6055c5	NON_DIFFICULT;HOMOPOLYMER;TANDEM_REPEAT;LOW_MAPPABILITY	"{""HOMOPOLYMER"":1070,""LOW_MAPPABILITY"":285,""NON_DIFFICULT"":18844,""SEGMENTAL_DUPLICATION"":3606,""TANDEM_REPEAT"":1135}"
phase2-window:sha256:29cb932b6bd230c5b2ad83e73b7bafae50bc27dfcf1f4d58711bb2b8716aa60b	SEGMENTAL_DUPLICATION	6	1	00516ef77166fcb4ae3fc028abddc756a35ad81ae86e85c6dfb7be6136f13c22	chr7	5114664	5139664	25000	18074	36	"[{""end_0based"":5115079,""start_0based"":5114664},{""end_0based"":5115580,""start_0based"":5115228},{""end_0based"":5119567,""start_0based"":5115683},{""end_0based"":5120203,""start_0based"":5119671},{""end_0based"":5120345,""start_0based"":5120224},{""end_0based"":5120512,""start_0based"":5120369},{""end_0based"":5120628,""start_0based"":5120533},{""end_0based"":5121470,""start_0based"":5120731},{""end_0based"":5122084,""start_0based"":5121572},{""end_0based"":5122176,""start_0based"":5122101},{""end_0based"":5123894,""start_0based"":5122279},{""end_0based"":5124701,""start_0based"":5124582},{""end_0based"":5125357,""start_0based"":5124733},{""end_0based"":5125544,""start_0based"":5125460},{""end_0based"":5126735,""start_0based"":5125647},{""end_0based"":5127280,""start_0based"":5126756},{""end_0based"":5127873,""start_0based"":5127297},{""end_0based"":5128163,""start_0based"":5127976},{""end_0based"":5128594,""start_0based"":5128273},{""end_0based"":5128859,""start_0based"":5128611},{""end_0based"":5129514,""start_0based"":5129126},{""end_0based"":5130266,""start_0based"":5129627},{""end_0based"":5130679,""start_0based"":5130501},{""end_0based"":5131120,""start_0based"":5130782},{""end_0based"":5131878,""start_0based"":5131230},{""end_0based"":5132687,""start_0based"":5132144},{""end_0based"":5132815,""start_0based"":5132714},{""end_0based"":5134035,""start_0based"":5133144},{""end_0based"":5134170,""start_0based"":5134057},{""end_0based"":5137818,""start_0based"":5137064},{""end_0based"":5138168,""start_0based"":5137921},{""end_0based"":5138703,""start_0based"":5138335},{""end_0based"":5138818,""start_0based"":5138724},{""end_0based"":5139019,""start_0based"":5138968},{""end_0based"":5139175,""start_0based"":5139036},{""end_0based"":5139546,""start_0based"":5139218}]"	5119638	5134690	5127164	09ac029a7d0d681a9f0ed6581a6bc10fc708a834bc3f91c46a9bef504f6055c5	NON_DIFFICULT;HOMOPOLYMER;TANDEM_REPEAT;LOW_MAPPABILITY	"{""HOMOPOLYMER"":1448,""LOW_MAPPABILITY"":3226,""NON_DIFFICULT"":6690,""SEGMENTAL_DUPLICATION"":16612,""TANDEM_REPEAT"":980}"
phase2-window:sha256:c9ca2afecbef883ff658bfa2411080bc1ccdd6273188655f8fb7494a9e7305ed	SEGMENTAL_DUPLICATION	7	2	005fe1256ce55933eb222728ff8b96f82b974ba7353dea57c3936a049189f278	chr15	66988060	67013060	25000	23123	19	"[{""end_0based"":66991429,""start_0based"":66988060},{""end_0based"":66993246,""start_0based"":66991595},{""end_0based"":66994796,""start_0based"":66993432},{""end_0based"":66997801,""start_0based"":66994945},{""end_0based"":66998989,""start_0based"":66997818},{""end_0based"":66999155,""start_0based"":66999006},{""end_0based"":66999630,""start_0based"":66999259},{""end_0based"":66999939,""start_0based"":66999647},{""end_0based"":67000655,""start_0based"":67000041},{""end_0based"":67001762,""start_0based"":67000757},{""end_0based"":67002168,""start_0based"":67001906},{""end_0based"":67002357,""start_0based"":67002270},{""end_0based"":67002737,""start_0based"":67002675},{""end_0based"":67003477,""start_0based"":67002840},{""end_0based"":67005356,""start_0based"":67003579},{""end_0based"":67007884,""start_0based"":67005381},{""end_0based"":67009438,""start_0based"":67007986},{""end_0based"":67012477,""start_0based"":67009456},{""end_0based"":67013060,""start_0based"":67012580}]"	66999984	67001137	67000560	09ac029a7d0d681a9f0ed6581a6bc10fc708a834bc3f91c46a9bef504f6055c5	NON_DIFFICULT;HOMOPOLYMER;TANDEM_REPEAT;LOW_MAPPABILITY	"{""HOMOPOLYMER"":621,""LOW_MAPPABILITY"":144,""NON_DIFFICULT"":21580,""SEGMENTAL_DUPLICATION"":1153,""TANDEM_REPEAT"":737}"
phase2-window:sha256:8f6cb3de79a57dcc93dcce00aadb4500031edcf2df25669874668de91375bfaf	SEGMENTAL_DUPLICATION	8	1	006e525a2a2e6b095fd8fc675af6ac07a8d282223d56c9c2f167b33385f778de	chr5	141089929	141114929	25000	23661	28	"[{""end_0based"":141090385,""start_0based"":141089929},{""end_0based"":141092628,""start_0based"":141090488},{""end_0based"":141092930,""start_0based"":141092730},{""end_0based"":141093162,""start_0based"":141093021},{""end_0based"":141094283,""start_0based"":141093180},{""end_0based"":141095000,""start_0based"":141094386},{""end_0based"":141097332,""start_0based"":141095018},{""end_0based"":141097645,""start_0based"":141097349},{""end_0based"":141098214,""start_0based"":141097748},{""end_0based"":141098462,""start_0based"":141098261},{""end_0based"":141099991,""start_0based"":141098479},{""end_0based"":141100077,""start_0based"":141100012},{""end_0based"":141103354,""start_0based"":141100100},{""end_0based"":141103964,""start_0based"":141103374},{""end_0based"":141104377,""start_0based"":141104070},{""end_0based"":141104635,""start_0based"":141104399},{""end_0based"":141104932,""start_0based"":141104657},{""end_0based"":141106607,""start_0based"":141104950},{""end_0based"":141107899,""start_0based"":141106624},{""end_0based"":141108375,""start_0based"":141108006},{""end_0based"":141108757,""start_0based"":141108396},{""end_0based"":141110776,""start_0based"":141108778},{""end_0based"":141111366,""start_0based"":141110924},{""end_0based"":141112125,""start_0based"":141111387},{""end_0based"":141112782,""start_0based"":141112142},{""end_0based"":141113967,""start_0based"":141112799},{""end_0based"":141114266,""start_0based"":141113984},{""end_0based"":141114929,""start_0based"":141114368}]"	141101742	141103116	141102429	09ac029a7d0d681a9f0ed6581a6bc10fc708a834bc3f91c46a9bef504f6055c5	NON_DIFFICULT;HOMOPOLYMER;TANDEM_REPEAT;LOW_MAPPABILITY	"{""HOMOPOLYMER"":858,""LOW_MAPPABILITY"":5205,""NON_DIFFICULT"":16921,""SEGMENTAL_DUPLICATION"":2617,""TANDEM_REPEAT"":331}"
phase2-window:sha256:2beadb2b859c2f87f5b408367c890dc5155219cdcd2af727dc5c7865c5929c85	SEGMENTAL_DUPLICATION	9	2	007a7a1aea1576787854816d441b8246453e52ad05b50b82d3e226cb7dc569be	chr7	87895280	87920280	25000	24545	7	"[{""end_0based"":87898785,""start_0based"":87895280},{""end_0based"":87903638,""start_0based"":87898813},{""end_0based"":87905949,""start_0based"":87903741},{""end_0based"":87907349,""start_0based"":87906051},{""end_0based"":87910010,""start_0based"":87907366},{""end_0based"":87914415,""start_0based"":87910113},{""end_0based"":87920280,""start_0based"":87914517}]"	87907187	87908373	87907780	09ac029a7d0d681a9f0ed6581a6bc10fc708a834bc3f91c46a9bef504f6055c5	NON_DIFFICULT;HOMOPOLYMER;TANDEM_REPEAT;LOW_MAPPABILITY	"{""HOMOPOLYMER"":782,""LOW_MAPPABILITY"":527,""NON_DIFFICULT"":20719,""SEGMENTAL_DUPLICATION"":1186,""TANDEM_REPEAT"":269}"
phase2-window:sha256:0d436184c22c8e197f406d60a08ec6cc07a57277ffc5247ae276cd7aa7224a17	SEGMENTAL_DUPLICATION	10	1	007bf6babd286b858513eb82e77f0ad93685659b0d2bbf84d1869b4b28f34548	chr19	53269704	53294704	25000	23288	15	"[{""end_0based"":53269777,""start_0based"":53269704},{""end_0based"":53270646,""start_0based"":53270313},{""end_0based"":53273207,""start_0based"":53270788},{""end_0based"":53278165,""start_0based"":53273254},{""end_0based"":53278509,""start_0based"":53278267},{""end_0based"":53278672,""start_0based"":53278527},{""end_0based"":53280356,""start_0based"":53278691},{""end_0based"":53282596,""start_0based"":53280458},{""end_0based"":53282707,""start_0based"":53282618},{""end_0based"":53283043,""start_0based"":53282814},{""end_0based"":53285390,""start_0based"":53283145},{""end_0based"":53286888,""start_0based"":53285492},{""end_0based"":53287374,""start_0based"":53287017},{""end_0based"":53293168,""start_0based"":53287555},{""end_0based"":53294704,""start_0based"":53293271}]"	53277817	53286591	53282204	09ac029a7d0d681a9f0ed6581a6bc10fc708a834bc3f91c46a9bef504f6055c5	NON_DIFFICULT;HOMOPOLYMER;TANDEM_REPEAT;LOW_MAPPABILITY	"{""HOMOPOLYMER"":641,""LOW_MAPPABILITY"":4974,""NON_DIFFICULT"":9600,""SEGMENTAL_DUPLICATION"":14120,""TANDEM_REPEAT"":1163}"
