artifact_id	canonical_url	transport_url	path	expected_bytes	actual_bytes	status
artifact-pfda-readme	https://data.nist.gov/od/ds/ark:/88434/mds2-2336/README_pFDA-GIAB_Challenge-V2.md	https://nist-midas.s3.amazonaws.com/pdrsrv/mds2-2336/README_pFDA-GIAB_Challenge-V2.md	/content/omicsedge_phase1a/source/README_pFDA-GIAB_Challenge-V2.md	31063	31063	DOWNLOADED
artifact-pfda-submission-methods	https://data.nist.gov/od/ds/ark:/88434/mds2-2336/submission_methods.txt	https://nist-midas.s3.amazonaws.com/pdrsrv/mds2-2336/submission_methods.txt	/content/omicsedge_phase1a/source/submission_methods.txt	36913	36913	DOWNLOADED
artifact-pfda-anonymized-metadata	https://raw.githubusercontent.com/usnistgov/giab-pFDA-2nd-challenge/db9ba067d374176252c06628795d7e368aade6e0/data-raw/anonymized_metadata_table.tsv	https://raw.githubusercontent.com/usnistgov/giab-pFDA-2nd-challenge/db9ba067d374176252c06628795d7e368aade6e0/data-raw/anonymized_metadata_table.tsv	/content/omicsedge_phase1a/source/anonymized_metadata_table.tsv	5408	5408	DOWNLOADED
artifact-query-60z59-hg002	https://data.nist.gov/od/ds/ark:/88434/mds2-2336/submission_vcfs/60Z59/60Z59_HG002.vcf.gz	https://nist-midas.s3.amazonaws.com/pdrsrv/mds2-2336/submission_vcfs/60Z59/60Z59_HG002.vcf.gz	/content/omicsedge_phase1a/source/60Z59_HG002.vcf.gz	78449784	78449784	DOWNLOADED
artifact-query-ru88n-hg002	https://data.nist.gov/od/ds/ark:/88434/mds2-2336/submission_vcfs/RU88N/RU88N_HG002.vcf.gz	https://nist-midas.s3.amazonaws.com/pdrsrv/mds2-2336/submission_vcfs/RU88N/RU88N_HG002.vcf.gz	/content/omicsedge_phase1a/source/RU88N_HG002.vcf.gz	90010830	90010830	DOWNLOADED
artifact-truth-hg002-grch38-v421	https://ftp-trace.ncbi.nlm.nih.gov/ReferenceSamples/giab/release/AshkenazimTrio/HG002_NA24385_son/NISTv4.2.1/GRCh38/HG002_GRCh38_1_22_v4.2.1_benchmark.vcf.gz	https://ftp-trace.ncbi.nlm.nih.gov/ReferenceSamples/giab/release/AshkenazimTrio/HG002_NA24385_son/NISTv4.2.1/GRCh38/HG002_GRCh38_1_22_v4.2.1_benchmark.vcf.gz	/content/omicsedge_phase1a/source/HG002_GRCh38_1_22_v4.2.1_benchmark.vcf.gz	156252944	156252944	DOWNLOADED
artifact-truth-hg002-grch38-v421-tbi	https://ftp-trace.ncbi.nlm.nih.gov/ReferenceSamples/giab/release/AshkenazimTrio/HG002_NA24385_son/NISTv4.2.1/GRCh38/HG002_GRCh38_1_22_v4.2.1_benchmark.vcf.gz.tbi	https://ftp-trace.ncbi.nlm.nih.gov/ReferenceSamples/giab/release/AshkenazimTrio/HG002_NA24385_son/NISTv4.2.1/GRCh38/HG002_GRCh38_1_22_v4.2.1_benchmark.vcf.gz.tbi	/content/omicsedge_phase1a/source/HG002_GRCh38_1_22_v4.2.1_benchmark.vcf.gz.tbi	1657747	1657747	DOWNLOADED
artifact-bed-hg002-grch38-v421	https://ftp-trace.ncbi.nlm.nih.gov/ReferenceSamples/giab/release/AshkenazimTrio/HG002_NA24385_son/NISTv4.2.1/GRCh38/HG002_GRCh38_1_22_v4.2.1_benchmark_noinconsistent.bed	https://ftp-trace.ncbi.nlm.nih.gov/ReferenceSamples/giab/release/AshkenazimTrio/HG002_NA24385_son/NISTv4.2.1/GRCh38/HG002_GRCh38_1_22_v4.2.1_benchmark_noinconsistent.bed	/content/omicsedge_phase1a/source/HG002_GRCh38_1_22_v4.2.1_benchmark_noinconsistent.bed	11494021	11494021	DOWNLOADED
artifact-reference-grch38-no-alt	https://ftp-trace.ncbi.nlm.nih.gov/ReferenceSamples/giab/release/references/GRCh38/GCA_000001405.15_GRCh38_no_alt_analysis_set.fasta.gz	https://ftp-trace.ncbi.nlm.nih.gov/ReferenceSamples/giab/release/references/GRCh38/GCA_000001405.15_GRCh38_no_alt_analysis_set.fasta.gz	/content/omicsedge_phase1a/source/GCA_000001405.15_GRCh38_no_alt_analysis_set.fasta.gz	886344618	886344618	DOWNLOADED
artifact-reference-grch38-no-alt-fai	https://ftp-trace.ncbi.nlm.nih.gov/ReferenceSamples/giab/release/references/GRCh38/GCA_000001405.15_GRCh38_no_alt_analysis_set.fasta.gz.fai	https://ftp-trace.ncbi.nlm.nih.gov/ReferenceSamples/giab/release/references/GRCh38/GCA_000001405.15_GRCh38_no_alt_analysis_set.fasta.gz.fai	/content/omicsedge_phase1a/source/GCA_000001405.15_GRCh38_no_alt_analysis_set.fasta.gz.fai	7804	7804	DOWNLOADED
artifact-reference-grch38-no-alt-gzi	https://ftp-trace.ncbi.nlm.nih.gov/ReferenceSamples/giab/release/references/GRCh38/GCA_000001405.15_GRCh38_no_alt_analysis_set.fasta.gz.gzi	https://ftp-trace.ncbi.nlm.nih.gov/ReferenceSamples/giab/release/references/GRCh38/GCA_000001405.15_GRCh38_no_alt_analysis_set.fasta.gz.gzi	/content/omicsedge_phase1a/source/GCA_000001405.15_GRCh38_no_alt_analysis_set.fasta.gz.gzi	770664	770664	DOWNLOADED
