source_artifact_id	artifact_name	uri	expected_byte_size	actual_byte_size	publisher_checksum_algorithm	publisher_checksum_value	computed_sha256	computed_md5	verified_at	status
artifact-pfda-readme	README_pFDA-GIAB_Challenge-V2.md	https://data.nist.gov/od/ds/ark:/88434/mds2-2336/README_pFDA-GIAB_Challenge-V2.md	31063	31063	sha256	ec08e5558088134cf76fe48e47548d196dfe7a885796318d3401eaed512e3990	ec08e5558088134cf76fe48e47548d196dfe7a885796318d3401eaed512e3990	2b926a0f96a762169d1f848c61a61f24	2026-09-29T00:56:17Z	VERIFIED
artifact-pfda-submission-methods	submission_methods.txt	https://data.nist.gov/od/ds/ark:/88434/mds2-2336/submission_methods.txt	36913	36913	sha256	cfeb512358133c128f788453933b938f13ba77835a539f1eacf62238bb1c8740	cfeb512358133c128f788453933b938f13ba77835a539f1eacf62238bb1c8740	c62b04301018feeb1272e2c5eb9e1899	2026-09-29T00:56:17Z	VERIFIED
artifact-pfda-anonymized-metadata	anonymized_metadata_table.tsv	https://raw.githubusercontent.com/usnistgov/giab-pFDA-2nd-challenge/db9ba067d374176252c06628795d7e368aade6e0/data-raw/anonymized_metadata_table.tsv	5408	5408	sha256	dee01c2e720a0451ab0426c85fe9f54c41942c89d943ef40fd123587a1262d5c	dee01c2e720a0451ab0426c85fe9f54c41942c89d943ef40fd123587a1262d5c	2313d9aad62e60a7fea9eb5deabdfe1a	2026-09-29T00:56:17Z	VERIFIED
artifact-query-60z59-hg002	60Z59_HG002.vcf.gz	https://data.nist.gov/od/ds/ark:/88434/mds2-2336/submission_vcfs/60Z59/60Z59_HG002.vcf.gz	78449784	78449784	sha256	31985203393e4795f17ad090850d1d06cba37935bafca2d78c1eebb769421e82	31985203393e4795f17ad090850d1d06cba37935bafca2d78c1eebb769421e82	371802e96b51fe7adcf36c7b486aab57	2026-09-29T00:56:17Z	VERIFIED
artifact-query-ru88n-hg002	RU88N_HG002.vcf.gz	https://data.nist.gov/od/ds/ark:/88434/mds2-2336/submission_vcfs/RU88N/RU88N_HG002.vcf.gz	90010830	90010830	sha256	1f3bf0f4640787fa0355b5e2a44e63c073196fc59d3c75a178ac636748685cbc	1f3bf0f4640787fa0355b5e2a44e63c073196fc59d3c75a178ac636748685cbc	69b58e9627158e0c9ca064dbd5b728c0	2026-09-29T00:56:19Z	VERIFIED
artifact-truth-hg002-grch38-v421	HG002_GRCh38_1_22_v4.2.1_benchmark.vcf.gz	https://ftp-trace.ncbi.nlm.nih.gov/ReferenceSamples/giab/release/AshkenazimTrio/HG002_NA24385_son/NISTv4.2.1/GRCh38/HG002_GRCh38_1_22_v4.2.1_benchmark.vcf.gz	156252944	156252944	UNKNOWN	UNKNOWN	adb4d4a50048aa13353a06b84fcfcbca09a5d17525efaa4cea44f8822e81175c	dc750b3807d4af1f7ffec852e9c2f771	2026-09-29T00:56:20Z	VERIFIED
artifact-truth-hg002-grch38-v421-tbi	HG002_GRCh38_1_22_v4.2.1_benchmark.vcf.gz.tbi	https://ftp-trace.ncbi.nlm.nih.gov/ReferenceSamples/giab/release/AshkenazimTrio/HG002_NA24385_son/NISTv4.2.1/GRCh38/HG002_GRCh38_1_22_v4.2.1_benchmark.vcf.gz.tbi	1657747	1657747	UNKNOWN	UNKNOWN	23162712553413b10f88916c28bd1238deb703a7237be2910440773beea71894	121e2975fb3ff0317ae6a684d0ce6f2f	2026-09-29T00:56:21Z	VERIFIED
artifact-bed-hg002-grch38-v421	HG002_GRCh38_1_22_v4.2.1_benchmark_noinconsistent.bed	https://ftp-trace.ncbi.nlm.nih.gov/ReferenceSamples/giab/release/AshkenazimTrio/HG002_NA24385_son/NISTv4.2.1/GRCh38/HG002_GRCh38_1_22_v4.2.1_benchmark_noinconsistent.bed	11494021	11494021	UNKNOWN	UNKNOWN	fba9a57c36ec88e5d14ea3e259c8866c7935f4998d3ec0fa2d6c3962da5b5575	97265e922a97c69a0391cf3f92a89b8b	2026-09-29T00:56:21Z	VERIFIED
artifact-reference-grch38-no-alt	GCA_000001405.15_GRCh38_no_alt_analysis_set.fasta.gz	https://ftp-trace.ncbi.nlm.nih.gov/ReferenceSamples/giab/release/references/GRCh38/GCA_000001405.15_GRCh38_no_alt_analysis_set.fasta.gz	886344618	886344618	md5	3a3347eae0893f96ecf495d1c39e2284	3c8def6d325c5d1e934b2dd530c4d1709f027677a15859467071fddf3fff2026	3a3347eae0893f96ecf495d1c39e2284	2026-09-29T00:56:27Z	VERIFIED
artifact-reference-grch38-no-alt-fai	GCA_000001405.15_GRCh38_no_alt_analysis_set.fasta.gz.fai	https://ftp-trace.ncbi.nlm.nih.gov/ReferenceSamples/giab/release/references/GRCh38/GCA_000001405.15_GRCh38_no_alt_analysis_set.fasta.gz.fai	7804	7804	md5	5fddbc109c82980f9436aa5c21a57c61	502a1b8fb73ccd53285c28a0f12df90c818b4fe3de1e862ef47c593ef1a0a4b4	5fddbc109c82980f9436aa5c21a57c61	2026-09-29T00:56:30Z	VERIFIED
artifact-reference-grch38-no-alt-gzi	GCA_000001405.15_GRCh38_no_alt_analysis_set.fasta.gz.gzi	https://ftp-trace.ncbi.nlm.nih.gov/ReferenceSamples/giab/release/references/GRCh38/GCA_000001405.15_GRCh38_no_alt_analysis_set.fasta.gz.gzi	770664	770664	md5	cfa1ee11b1ecb29f936578b27014fbe0	aea5e0202577678b72ab195aa66138a7cdcb8408b4a36a7b3740b6edc2253745	cfa1ee11b1ecb29f936578b27014fbe0	2026-09-29T00:56:30Z	VERIFIED
artifact-rtg-tools-3121	rtg-tools-3.12.1-linux-x64.zip	https://github.com/RealTimeGenomics/rtg-tools/releases/download/3.12.1/rtg-tools-3.12.1-linux-x64.zip	50742537	50742537	sha256	ba43cadbb3e79bff74e7d2f8540dd5e201574ec8e293ba555f3aeefd1375dfc5	ba43cadbb3e79bff74e7d2f8540dd5e201574ec8e293ba555f3aeefd1375dfc5	a7af189a1778287c2b8035c19dec3060	2026-09-29T00:56:30Z	VERIFIED
