source_artifact_id	artifact_name	artifact_role	uri	byte_size	version	checksum_algorithm	checksum_value	checksum_source	checksum_status	retrieval_status	license_or_reuse_basis	notes
artifact-pfda-pdr-metadata	NIST PDR machine metadata	DATASET_MANIFEST	https://data.nist.gov/od/id/mds2-2336	756646	mds2-2336 snapshot 2026-09-28	UNKNOWN	UNKNOWN	NONE	NOT_YET_RETRIEVED	NOT_DOWNLOADED	NIST PDR terms	Machine inventory; dynamic representation must be locally hashed at compute preflight.
artifact-pfda-readme	README_pFDA-GIAB_Challenge-V2.md	EXPERIMENT_METADATA	https://data.nist.gov/od/ds/ark:/88434/mds2-2336/README_pFDA-GIAB_Challenge-V2.md	31063	mds2-2336	sha256	ec08e5558088134cf76fe48e47548d196dfe7a885796318d3401eaed512e3990	PUBLISHER	PUBLISHER_VERIFIED	NOT_DOWNLOADED	CC0 plus NIST Data Use Policy	Dataset and technology documentation.
artifact-pfda-submission-methods	submission_methods.txt	EXPERIMENT_METADATA	https://data.nist.gov/od/ds/ark:/88434/mds2-2336/submission_methods.txt	36913	mds2-2336	sha256	cfeb512358133c128f788453933b938f13ba77835a539f1eacf62238bb1c8740	PUBLISHER	PUBLISHER_VERIFIED	NOT_DOWNLOADED	CC0 plus NIST Data Use Policy	Participant-supplied pipeline methods; some versions are explicitly unknown.
artifact-pfda-anonymized-metadata	anonymized_metadata_table.tsv	EXPERIMENT_METADATA	https://raw.githubusercontent.com/usnistgov/giab-pFDA-2nd-challenge/db9ba067d374176252c06628795d7e368aade6e0/data-raw/anonymized_metadata_table.tsv	5408	git db9ba067d374176252c06628795d7e368aade6e0	sha256	dee01c2e720a0451ab0426c85fe9f54c41942c89d943ef40fd123587a1262d5c	COMPUTED_ON_RETRIEVAL	COMPUTED_NOT_YET_VERIFIED	NOT_DOWNLOADED	NIST repository terms	Maps IDs to technology and submission names; pinned by commit.
artifact-query-60z59-hg002	60Z59_HG002.vcf.gz	QUERY_VCF	https://data.nist.gov/od/ds/ark:/88434/mds2-2336/submission_vcfs/60Z59/60Z59_HG002.vcf.gz	78449784	precisionFDA V2 NIST deposit	sha256	31985203393e4795f17ad090850d1d06cba37935bafca2d78c1eebb769421e82	PUBLISHER	PUBLISHER_VERIFIED	NOT_DOWNLOADED	CC0 plus NIST Data Use Policy	No public TBI or CSI; whole artifact must be retrieved before local indexing.
artifact-query-ru88n-hg002	RU88N_HG002.vcf.gz	QUERY_VCF	https://data.nist.gov/od/ds/ark:/88434/mds2-2336/submission_vcfs/RU88N/RU88N_HG002.vcf.gz	90010830	precisionFDA V2 NIST deposit	sha256	1f3bf0f4640787fa0355b5e2a44e63c073196fc59d3c75a178ac636748685cbc	PUBLISHER	PUBLISHER_VERIFIED	NOT_DOWNLOADED	CC0 plus NIST Data Use Policy	No public TBI or CSI; whole artifact must be retrieved before local indexing.
artifact-truth-hg002-grch38-v421	HG002_GRCh38_1_22_v4.2.1_benchmark.vcf.gz	TRUTH_VCF	https://ftp-trace.ncbi.nlm.nih.gov/ReferenceSamples/giab/release/AshkenazimTrio/HG002_NA24385_son/NISTv4.2.1/GRCh38/HG002_GRCh38_1_22_v4.2.1_benchmark.vcf.gz	156252944	GIAB HG002 v4.2.1	UNKNOWN	UNKNOWN	NONE	NOT_YET_RETRIEVED	NOT_DOWNLOADED	NIST open terms with attribution/change notice	Publisher directory supplies no primary-file checksum sidecar; compute SHA-256 on retrieval.
artifact-truth-hg002-grch38-v421-tbi	HG002_GRCh38_1_22_v4.2.1_benchmark.vcf.gz.tbi	TRUTH_INDEX	https://ftp-trace.ncbi.nlm.nih.gov/ReferenceSamples/giab/release/AshkenazimTrio/HG002_NA24385_son/NISTv4.2.1/GRCh38/HG002_GRCh38_1_22_v4.2.1_benchmark.vcf.gz.tbi	1657747	GIAB HG002 v4.2.1	UNKNOWN	UNKNOWN	NONE	NOT_YET_RETRIEVED	NOT_DOWNLOADED	NIST open terms with attribution/change notice	Compute SHA-256 on retrieval.
artifact-bed-hg002-grch38-v421	HG002_GRCh38_1_22_v4.2.1_benchmark_noinconsistent.bed	BENCHMARK_BED	https://ftp-trace.ncbi.nlm.nih.gov/ReferenceSamples/giab/release/AshkenazimTrio/HG002_NA24385_son/NISTv4.2.1/GRCh38/HG002_GRCh38_1_22_v4.2.1_benchmark_noinconsistent.bed	11494021	GIAB HG002 v4.2.1	UNKNOWN	UNKNOWN	NONE	NOT_YET_RETRIEVED	NOT_DOWNLOADED	NIST open terms with attribution/change notice	Exact matching benchmark regions; compute SHA-256 on retrieval.
artifact-reference-grch38-no-alt	GCA_000001405.15_GRCh38_no_alt_analysis_set.fasta.gz	REFERENCE_FASTA	https://ftp-trace.ncbi.nlm.nih.gov/ReferenceSamples/giab/release/references/GRCh38/GCA_000001405.15_GRCh38_no_alt_analysis_set.fasta.gz	886344618	GCA_000001405.15 GRCh38 no-alt analysis set	md5	3a3347eae0893f96ecf495d1c39e2284	PUBLISHER	PUBLISHER_VERIFIED	NOT_DOWNLOADED	CC0 plus NIST Data Use Policy	BGZF reference; also compute SHA-256 on retrieval.
artifact-reference-grch38-no-alt-fai	GCA_000001405.15_GRCh38_no_alt_analysis_set.fasta.gz.fai	REFERENCE_INDEX	https://ftp-trace.ncbi.nlm.nih.gov/ReferenceSamples/giab/release/references/GRCh38/GCA_000001405.15_GRCh38_no_alt_analysis_set.fasta.gz.fai	7804	GCA_000001405.15 GRCh38 no-alt analysis set	md5	5fddbc109c82980f9436aa5c21a57c61	PUBLISHER	PUBLISHER_VERIFIED	NOT_DOWNLOADED	CC0 plus NIST Data Use Policy	FAI for BGZF reference.
artifact-reference-grch38-no-alt-gzi	GCA_000001405.15_GRCh38_no_alt_analysis_set.fasta.gz.gzi	REFERENCE_INDEX	https://ftp-trace.ncbi.nlm.nih.gov/ReferenceSamples/giab/release/references/GRCh38/GCA_000001405.15_GRCh38_no_alt_analysis_set.fasta.gz.gzi	770664	GCA_000001405.15 GRCh38 no-alt analysis set	md5	cfa1ee11b1ecb29f936578b27014fbe0	PUBLISHER	PUBLISHER_VERIFIED	NOT_DOWNLOADED	CC0 plus NIST Data Use Policy	GZI for BGZF range access.
artifact-happy-container	hap.py BioContainer	SOFTWARE_IMAGE	quay.io/biocontainers/hap.py@sha256:d63b963a6cb01b4830393b22369e7b91d298e4156dde353739e74e4cfa4f96d0	233568516	hap.py 0.3.15 py27hcb73b3d_0	oci-manifest-digest	d63b963a6cb01b4830393b22369e7b91d298e4156dde353739e74e4cfa4f96d0	REGISTRY	PUBLISHER_VERIFIED	NOT_DOWNLOADED	BSD-2-Clause for hap.py; bundled components retain their licenses	Manifest digest pinned; compressed layer-size sum.
artifact-rtg-tools-3121	rtg-tools-3.12.1-linux-x64.zip	SOFTWARE_ARCHIVE	https://github.com/RealTimeGenomics/rtg-tools/releases/download/3.12.1/rtg-tools-3.12.1-linux-x64.zip	50742537	RTG Tools 3.12.1	sha256	ba43cadbb3e79bff74e7d2f8540dd5e201574ec8e293ba555f3aeefd1375dfc5	COMPUTED_ON_RETRIEVAL	COMPUTED_NOT_YET_VERIFIED	NOT_DOWNLOADED	BSD-2-Clause	Official release archive includes Linux x64 JRE; hash computed during bootstrap metadata audit.
